mode,nodes,gateways,sources,area,range,speedMin,speedMax,pause,simTime,advInterval,advZone,entryLifetime,packetSize,cbrRate,seed,offered,sent,relayed,received,pdr,txPdr,gwAvail,delay_ms,noGateway,advSent,advFwd,solSent,solFwd,replies,control,gw0,gw1,malicious,droppedByMalicious,areaHeight
proactive,15,2,5,750,250,1,6,2,200,2,3,15,512,5,1,4849,4828,4803,4803,99.0514,99.4822,99.5669,6.21608,21,200,2811,0,0,0,3011,2184,2619,0,0,750
proactive,15,2,5,750,250,1,6,2,200,2,3,15,512,5,2,4847,4828,4504,4504,92.9235,93.2891,99.608,6.55706,19,200,2645,0,0,0,2845,1312,3192,0,0,750
proactive,15,2,5,750,250,1,6,2,200,2,3,15,512,5,3,4846,4688,4221,4221,87.1028,90.0384,96.7396,7.51311,158,200,2360,0,0,0,2560,1453,2768,0,0,750
proactive,15,2,5,750,250,1,6,2,200,2,3,15,512,5,4,4844,4843,4694,4694,96.9034,96.9234,99.9794,6.64341,1,200,2676,0,0,0,2876,1737,2957,0,0,750
proactive,15,2,5,750,250,1,6,2,200,2,3,15,512,5,5,4846,4846,4596,4596,94.8411,94.8411,100,48.8806,0,200,2765,0,0,0,2965,3610,986,0,0,750
proactive,15,2,5,750,250,1,6,2,200,5,3,15,512,5,1,4849,4822,4734,4734,97.6284,98.175,99.4432,7.1463,27,80,1121,0,0,0,1201,2207,2527,0,0,750
proactive,15,2,5,750,250,1,6,2,200,5,3,15,512,5,2,4847,4823,4696,4696,96.8847,97.3668,99.5048,7.62192,24,80,1069,0,0,0,1149,1304,3392,0,0,750
proactive,15,2,5,750,250,1,6,2,200,5,3,15,512,5,3,4846,4693,4282,4282,88.3615,91.2423,96.8428,8.39954,153,80,939,0,0,0,1019,1292,2990,0,0,750
proactive,15,2,5,750,250,1,6,2,200,5,3,15,512,5,4,4844,4843,4595,4595,94.8596,94.8792,99.9794,6.84133,1,80,1081,0,0,0,1161,1809,2786,0,0,750
proactive,15,2,5,750,250,1,6,2,200,5,3,15,512,5,5,4846,4846,4398,4398,90.7553,90.7553,100,11.3892,0,80,1128,0,0,0,1208,3257,1141,0,0,750
proactive,15,2,5,750,250,1,6,2,200,10,3,15,512,5,1,4849,4797,4765,4765,98.2677,99.3329,98.9276,6.18348,52,40,573,0,0,0,613,2185,2580,0,0,750
proactive,15,2,5,750,250,1,6,2,200,10,3,15,512,5,2,4847,4798,4511,4511,93.0679,94.0183,98.9891,6.70493,49,40,531,0,0,0,571,1252,3259,0,0,750
proactive,15,2,5,750,250,1,6,2,200,10,3,15,512,5,3,4846,4643,4355,4355,89.8679,93.7971,95.811,7.09692,203,40,476,0,0,0,516,1153,3202,0,0,750
proactive,15,2,5,750,250,1,6,2,200,10,3,15,512,5,4,4844,4843,4711,4711,97.2543,97.2744,99.9794,6.43946,1,40,530,0,0,0,570,1671,3040,0,0,750
proactive,15,2,5,750,250,1,6,2,200,10,3,15,512,5,5,4846,4846,4554,4554,93.9744,93.9744,100,5.82242,0,40,577,0,0,0,617,3598,956,0,0,750
proactive,15,2,5,750,250,1,6,2,200,20,3,15,512,5,1,4849,3658,3649,3649,75.2526,99.754,75.4382,15.3719,1191,20,286,0,0,0,306,1712,1937,0,0,750
proactive,15,2,5,750,250,1,6,2,200,20,3,15,512,5,2,4847,3655,3642,3642,75.1393,99.6443,75.4075,6.01848,1192,20,266,0,0,0,286,969,2673,0,0,750
proactive,15,2,5,750,250,1,6,2,200,20,3,15,512,5,3,4846,3498,3425,3425,70.6768,97.9131,72.1832,8.76669,1348,20,226,0,0,0,246,721,2704,0,0,750
proactive,15,2,5,750,250,1,6,2,200,20,3,15,512,5,4,4844,3718,3611,3611,74.5458,97.1221,76.7547,6.41013,1126,20,276,0,0,0,296,1313,2298,0,0,750
proactive,15,2,5,750,250,1,6,2,200,20,3,15,512,5,5,4846,3725,3320,3320,68.5101,89.1275,76.8675,53.0018,1121,20,296,0,0,0,316,2574,746,0,0,750
proactive,15,2,5,750,250,1,6,2,200,40,3,15,512,5,1,4849,1805,1640,1640,33.8214,90.8587,37.2242,9.27799,3044,10,138,0,0,0,148,821,819,0,0,750
proactive,15,2,5,750,250,1,6,2,200,40,3,15,512,5,2,4847,1804,1788,1788,36.8888,99.1131,37.2189,9.46384,3043,10,147,0,0,0,157,528,1260,0,0,750
proactive,15,2,5,750,250,1,6,2,200,40,3,15,512,5,3,4846,1725,1677,1677,34.6059,97.2174,35.5964,12.1877,3121,10,110,0,0,0,120,282,1395,0,0,750
proactive,15,2,5,750,250,1,6,2,200,40,3,15,512,5,4,4844,1871,1856,1856,38.3154,99.1983,38.6251,9.17272,2973,10,126,0,0,0,136,663,1193,0,0,750
proactive,15,2,5,750,250,1,6,2,200,40,3,15,512,5,5,4846,1872,1786,1786,36.8551,95.406,38.6298,7.07849,2974,10,146,0,0,0,156,1420,366,0,0,750
proactive,15,2,5,750,250,1,6,2,200,60,3,15,512,5,1,4849,1400,1395,1395,28.7688,99.6429,28.8719,9.0455,3449,8,118,0,0,0,126,656,739,0,0,750
proactive,15,2,5,750,250,1,6,2,200,60,3,15,512,5,2,4847,1399,1390,1390,28.6775,99.3567,28.8632,7.36664,3448,8,101,0,0,0,109,366,1024,0,0,750
proactive,15,2,5,750,250,1,6,2,200,60,3,15,512,5,3,4846,1394,1382,1382,28.5184,99.1392,28.766,13.1709,3452,8,84,0,0,0,92,282,1100,0,0,750
proactive,15,2,5,750,250,1,6,2,200,60,3,15,512,5,4,4844,1468,1450,1450,29.9339,98.7738,30.3055,11.765,3376,8,114,0,0,0,122,580,870,0,0,750
proactive,15,2,5,750,250,1,6,2,200,60,3,15,512,5,5,4846,1473,1183,1183,24.4119,80.3123,30.3962,141.108,3373,8,103,0,0,0,111,1107,76,0,0,750
hybrid,15,2,5,750,250,1,6,2,200,2,3,15,512,5,1,4849,4833,4447,4447,91.7096,92.0132,99.67,19.2863,16,200,1289,16,73,10,1588,2039,2408,0,0,750
hybrid,15,2,5,750,250,1,6,2,200,2,3,15,512,5,2,4847,4827,4706,4706,97.091,97.4933,99.5874,8.58628,20,200,1434,20,41,6,1701,1293,3413,0,0,750
hybrid,15,2,5,750,250,1,6,2,200,2,3,15,512,5,3,4846,4683,4188,4188,86.4218,89.4299,96.6364,5.91025,163,200,1028,163,165,15,1571,1427,2761,0,0,750
hybrid,15,2,5,750,250,1,6,2,200,2,3,15,512,5,4,4844,4737,4643,4643,95.8505,98.0156,97.7911,6.8081,107,200,1201,107,1527,202,3237,1818,2825,0,0,750
hybrid,15,2,5,750,250,1,6,2,200,2,3,15,512,5,5,4846,4841,4500,4500,92.8601,92.956,99.8968,38.9524,5,200,1337,5,75,10,1627,3433,1067,0,0,750
hybrid,15,2,5,750,250,1,6,2,200,5,3,15,512,5,1,4849,4833,4643,4643,95.7517,96.0687,99.67,6.98749,16,80,503,16,73,10,682,2113,2530,0,0,750
hybrid,15,2,5,750,250,1,6,2,200,5,3,15,512,5,2,4847,4827,4698,4698,96.9259,97.3275,99.5874,6.034,20,80,575,20,41,6,722,1282,3416,0,0,750
hybrid,15,2,5,750,250,1,6,2,200,5,3,15,512,5,3,4846,4688,4282,4282,88.3615,91.3396,96.7396,6.49895,158,80,419,158,164,16,837,1270,3012,0,0,750
hybrid,15,2,5,750,250,1,6,2,200,5,3,15,512,5,4,4844,4722,4518,4518,93.27,95.6798,97.4814,6.01705,122,80,477,122,1739,230,2648,1638,2880,0,0,750
hybrid,15,2,5,750,250,1,6,2,200,5,3,15,512,5,5,4846,4841,4600,4600,94.9236,95.0217,99.8968,49.8603,5,80,540,5,75,10,710,3391,1209,0,0,750
hybrid,15,2,5,750,250,1,6,2,200,10,3,15,512,5,1,4849,4810,4427,4427,91.2972,92.0374,99.1957,5.55121,39,40,259,39,418,56,812,1882,2545,0,0,750
hybrid,15,2,5,750,250,1,6,2,200,10,3,15,512,5,2,4847,4827,4737,4737,97.7306,98.1355,99.5874,6.11613,20,40,293,20,41,6,400,1280,3457,0,0,750
hybrid,15,2,5,750,250,1,6,2,200,10,3,15,512,5,3,4846,4656,4390,4390,90.5902,94.2869,96.0792,5.691,190,40,213,190,269,24,736,1219,3171,0,0,750
hybrid,15,2,5,750,250,1,6,2,200,10,3,15,512,5,4,4844,4840,4796,4796,99.0091,99.0909,99.9174,6.65925,4,40,242,4,60,8,354,1797,2999,0,0,750
hybrid,15,2,5,750,250,1,6,2,200,10,3,15,512,5,5,4846,4834,4535,4535,93.5823,93.8146,99.7524,39.9161,12,40,276,12,180,23,531,3405,1130,0,0,750
hybrid,15,2,5,750,250,1,6,2,200,20,3,15,512,5,1,4849,4782,4184,4184,86.2858,87.4948,98.6183,9.60555,67,20,126,67,832,112,1157,1831,2353,0,0,750
hybrid,15,2,5,750,250,1,6,2,200,20,3,15,512,5,2,4847,4772,4273,4273,88.1576,89.5432,98.4527,4.99698,75,20,140,75,836,107,1178,965,3308,0,0,750
hybrid,15,2,5,750,250,1,6,2,200,20,3,15,512,5,3,4846,4579,4022,4022,82.9963,87.8358,94.4903,6.57824,267,20,105,267,1429,136,1957,946,3076,0,0,750
hybrid,15,2,5,750,250,1,6,2,200,20,3,15,512,5,4,4844,4791,4509,4509,93.0842,94.114,98.9059,6.32128,53,20,122,53,775,100,1070,1497,3012,0,0,750
hybrid,15,2,5,750,250,1,6,2,200,20,3,15,512,5,5,4846,4786,4380,4380,90.3838,91.5169,98.7619,6.49951,60,20,141,60,885,117,1223,3152,1228,0,0,750
hybrid,15,2,5,750,250,1,6,2,200,40,3,15,512,5,1,4849,4766,4598,4598,94.8237,96.475,98.2883,9.04224,83,10,62,83,1039,143,1337,2228,2370,0,0,750
hybrid,15,2,5,750,250,1,6,2,200,40,3,15,512,5,2,4847,4770,4437,4437,91.5412,93.0189,98.4114,6.44927,77,10,75,77,877,114,1153,1370,3067,0,0,750
hybrid,15,2,5,750,250,1,6,2,200,40,3,15,512,5,3,4846,4639,4346,4346,89.6822,93.684,95.7284,7.14494,207,10,58,207,896,103,1274,1337,3009,0,0,750
hybrid,15,2,5,750,250,1,6,2,200,40,3,15,512,5,4,4844,4651,4071,4071,84.0421,87.5296,96.0157,6.23311,193,10,60,193,2879,379,3521,1220,2851,0,0,750
hybrid,15,2,5,750,250,1,6,2,200,40,3,15,512,5,5,4846,4775,4511,4511,93.0871,94.4712,98.5349,6.1365,71,10,69,71,1049,120,1319,3484,1027,0,0,750
hybrid,15,2,5,750,250,1,6,2,200,60,3,15,512,5,1,4849,4774,4711,4711,97.1541,98.6804,98.4533,10.4742,75,8,48,75,889,123,1143,2108,2603,0,0,750
hybrid,15,2,5,750,250,1,6,2,200,60,3,15,512,5,2,4847,4775,4668,4668,96.307,97.7592,98.5145,5.28117,72,8,53,72,817,104,1054,1475,3193,0,0,750
hybrid,15,2,5,750,250,1,6,2,200,60,3,15,512,5,3,4846,4614,4360,4360,89.9711,94.495,95.2125,7.01976,232,8,34,232,903,97,1274,982,3378,0,0,750
hybrid,15,2,5,750,250,1,6,2,200,60,3,15,512,5,4,4844,4758,4546,4546,93.8481,95.5443,98.2246,6.28851,86,8,48,86,723,86,951,1538,3008,0,0,750
hybrid,15,2,5,750,250,1,6,2,200,60,3,15,512,5,5,4846,4796,4534,4534,93.5617,94.5371,98.9682,39.9893,50,8,55,50,735,96,944,3530,1004,0,0,750
reactive,15,2,5,750,250,1,6,2,200,5,3,15,512,5,1,4849,4763,4376,4376,90.2454,91.8749,98.2264,15.19,86,0,0,86,1094,149,1329,1873,2503,0,0,750
reactive,15,2,5,750,250,1,6,2,200,5,3,15,512,5,2,4847,4762,4593,4593,94.7596,96.4511,98.2463,5.34332,85,0,0,85,956,121,1162,1392,3201,0,0,750
reactive,15,2,5,750,250,1,6,2,200,5,3,15,512,5,3,4846,4571,3981,3981,82.1502,87.0925,94.3252,5.72918,275,0,0,275,1297,150,1722,1305,2676,0,0,750
reactive,15,2,5,750,250,1,6,2,200,5,3,15,512,5,4,4844,4753,4567,4567,94.2816,96.0867,98.1214,5.44756,91,0,0,91,1327,172,1590,1308,3259,0,0,750
reactive,15,2,5,750,250,1,6,2,200,5,3,15,512,5,5,4846,4772,4663,4663,96.2237,97.7158,98.473,5.37184,74,0,0,74,1081,137,1292,3450,1213,0,0,750
proactive,15,2,5,750,250,1,6,2,200,20,3,15,512,5,1,4849,3658,3649,3649,75.2526,99.754,75.4382,15.3719,1191,20,286,0,0,0,306,1712,1937,0,0,750
proactive,15,2,5,750,250,1,6,2,200,20,3,15,512,5,2,4847,3655,3642,3642,75.1393,99.6443,75.4075,6.01848,1192,20,266,0,0,0,286,969,2673,0,0,750
proactive,15,2,5,750,250,1,6,2,200,20,3,15,512,5,3,4846,3498,3425,3425,70.6768,97.9131,72.1832,8.76669,1348,20,226,0,0,0,246,721,2704,0,0,750
proactive,15,2,5,750,250,1,6,2,200,40,3,15,512,5,1,4849,1805,1640,1640,33.8214,90.8587,37.2242,9.27799,3044,10,138,0,0,0,148,821,819,0,0,750
proactive,15,2,5,750,250,1,6,2,200,40,3,15,512,5,2,4847,1804,1788,1788,36.8888,99.1131,37.2189,9.46384,3043,10,147,0,0,0,157,528,1260,0,0,750
proactive,15,2,5,750,250,1,6,2,200,40,3,15,512,5,3,4846,1725,1677,1677,34.6059,97.2174,35.5964,12.1877,3121,10,110,0,0,0,120,282,1395,0,0,750
proactive,15,2,5,750,250,1,6,2,200,60,3,15,512,5,1,4849,1400,1395,1395,28.7688,99.6429,28.8719,9.0455,3449,8,118,0,0,0,126,656,739,0,0,750
proactive,15,2,5,750,250,1,6,2,200,60,3,15,512,5,2,4847,1399,1390,1390,28.6775,99.3567,28.8632,7.36664,3448,8,101,0,0,0,109,366,1024,0,0,750
proactive,15,2,5,750,250,1,6,2,200,60,3,15,512,5,3,4846,1394,1382,1382,28.5184,99.1392,28.766,13.1709,3452,8,84,0,0,0,92,282,1100,0,0,750
proactive,15,2,5,750,250,1,6,2,200,20,3,30,512,5,1,4849,4747,4706,4706,97.0509,99.1363,97.8965,6.24034,102,20,286,0,0,0,306,2198,2508,0,0,750
proactive,15,2,5,750,250,1,6,2,200,20,3,30,512,5,2,4847,4748,4382,4382,90.4064,92.2915,97.9575,5.98834,99,20,266,0,0,0,286,1228,3154,0,0,750
proactive,15,2,5,750,250,1,6,2,200,20,3,30,512,5,3,4846,4643,3997,3997,82.4804,86.0866,95.811,9.17364,203,20,226,0,0,0,246,870,3127,0,0,750
proactive,15,2,5,750,250,1,6,2,200,40,3,30,512,5,1,4849,3605,3585,3585,73.9328,99.4452,74.3452,5.60882,1244,10,148,0,0,0,158,1942,1643,0,0,750
proactive,15,2,5,750,250,1,6,2,200,40,3,30,512,5,2,4847,3604,3487,3487,71.9414,96.7536,74.3553,6.76041,1243,10,147,0,0,0,157,945,2542,0,0,750
proactive,15,2,5,750,250,1,6,2,200,40,3,30,512,5,3,4846,3450,2613,2613,53.9208,75.7391,71.1927,6.91354,1396,10,110,0,0,0,120,506,2107,0,0,750
proactive,15,2,5,750,250,1,6,2,200,60,3,30,512,5,1,4849,2450,2442,2442,50.3609,99.6735,50.5259,7.96854,2399,8,118,0,0,0,126,1108,1334,0,0,750
proactive,15,2,5,750,250,1,6,2,200,60,3,30,512,5,2,4847,2449,2438,2438,50.2992,99.5508,50.5261,5.89106,2398,8,101,0,0,0,109,591,1847,0,0,750
proactive,15,2,5,750,250,1,6,2,200,60,3,30,512,5,3,4846,2444,2407,2407,49.6698,98.4861,50.4333,10.5755,2402,8,84,0,0,0,92,357,2050,0,0,750
proactive,15,2,5,750,250,1,6,2,200,20,3,60,512,5,1,4849,4747,4704,4704,97.0097,99.0942,97.8965,6.93581,102,20,271,0,0,0,291,2094,2610,0,0,750
proactive,15,2,5,750,250,1,6,2,200,20,3,60,512,5,2,4847,4748,4667,4667,96.2864,98.294,97.9575,6.15703,99,20,266,0,0,0,286,1277,3390,0,0,750
proactive,15,2,5,750,250,1,6,2,200,20,3,60,512,5,3,4846,4843,4003,4003,82.6042,82.6554,99.9381,38.337,3,20,226,0,0,0,246,1168,2835,0,0,750
proactive,15,2,5,750,250,1,6,2,200,40,3,60,512,5,1,4849,4647,4602,4602,94.9062,99.0316,95.8342,6.29935,202,10,148,0,0,0,158,2471,2131,0,0,750
proactive,15,2,5,750,250,1,6,2,200,40,3,60,512,5,2,4847,4648,4524,4524,93.3361,97.3322,95.8944,7.38409,199,10,147,0,0,0,157,1228,3296,0,0,750
proactive,15,2,5,750,250,1,6,2,200,40,3,60,512,5,3,4846,4674,4241,4241,87.5155,90.736,96.4507,20.1206,172,10,110,0,0,0,120,594,3647,0,0,750
proactive,15,2,5,750,250,1,6,2,200,60,3,60,512,5,1,4849,4547,4517,4517,93.1532,99.3402,93.7719,5.85666,302,8,118,0,0,0,126,1991,2526,0,0,750
proactive,15,2,5,750,250,1,6,2,200,60,3,60,512,5,2,4847,4548,4124,4124,85.0836,90.6772,93.8312,6.69054,299,8,101,0,0,0,109,1031,3093,0,0,750
proactive,15,2,5,750,250,1,6,2,200,60,3,60,512,5,3,4846,4543,4280,4280,88.3203,94.2109,93.7474,8.33086,303,8,84,0,0,0,92,463,3817,0,0,750
