mode,nodes,gateways,sources,area,range,speedMin,speedMax,pause,simTime,advInterval,advZone,entryLifetime,packetSize,cbrRate,seed,offered,sent,relayed,received,pdr,txPdr,gwAvail,delay_ms,noGateway,advSent,advFwd,solSent,solFwd,replies,control,gw0,gw1,malicious,droppedByMalicious,areaHeight,numMaliciousGw,dropFraction,trustAware,trustThreshold,dataViaMalicious,acksSent,acksDelivered
hybrid,15,2,5,800,250,3,3,60,900,5,3,15,512,5,1,22349,22346,9980,9980,44.6552,44.6612,99.9866,4.69211,3,360,2516,3,38,4,2921,9980,0,1,11830,500,1,1,0,0.5,12098,0,0
hybrid,15,2,5,800,250,3,3,60,900,5,3,15,512,5,2,22347,22344,11692,11692,52.3202,52.3272,99.9866,4.58109,3,360,2539,3,44,5,2951,11692,0,1,10018,500,1,1,0,0.5,10247,0,0
hybrid,15,2,5,800,250,3,3,60,900,5,3,15,512,5,3,22346,22337,9914,9914,44.3659,44.3838,99.9597,4.69058,9,360,2514,5,54,6,2939,9914,0,1,11908,500,1,1,0,0.5,12272,0,0
hybrid,15,2,5,800,250,3,3,60,900,5,3,15,512,5,4,22344,22343,8895,8895,39.8093,39.8111,99.9955,5.04617,1,360,2597,1,9,1,2968,8895,0,1,13322,500,1,1,0,0.5,13350,0,0
hybrid,15,2,5,800,250,3,3,60,900,5,3,15,512,5,5,22346,22340,13725,13725,61.4204,61.4369,99.9731,4.79582,6,360,2570,2,20,2,2954,13725,0,1,8126,500,1,1,0,0.5,8229,0,0
hybrid,15,2,5,800,250,3,3,60,900,5,3,15,512,5,1,22349,20170,19078,19078,85.364,94.586,90.2501,6.01867,2179,360,2473,496,5874,665,9868,19078,0,1,461,500,1,1,1,0.5,496,19078,18908
hybrid,15,2,5,800,250,3,3,60,900,5,3,15,512,5,2,22347,19037,18224,18224,81.5501,95.7294,85.1882,55.5819,3310,360,2483,690,10060,1294,14887,18224,0,1,327,500,1,1,1,0.5,350,18224,18076
hybrid,15,2,5,800,250,3,3,60,900,5,3,15,512,5,3,22346,18267,17239,17239,77.1458,94.3724,81.7462,6.43469,4079,360,2479,859,11073,1373,16144,17239,0,1,370,500,1,1,1,0.5,387,17239,17008
hybrid,15,2,5,800,250,3,3,60,900,5,3,15,512,5,4,22344,14761,13517,13517,60.495,91.5724,66.0625,6.56089,7583,360,2468,1556,21151,2556,28091,13517,0,1,330,500,1,1,1,0.5,367,13517,13379
hybrid,15,2,5,800,250,3,3,60,900,5,3,15,512,5,5,22346,19446,18487,18487,82.7307,95.0684,87.0223,5.75499,2900,360,2591,605,8193,961,12710,18487,0,1,385,500,1,1,1,0.5,394,18487,18434
hybrid,15,2,5,800,250,3,3,60,900,5,3,15,512,5,1,22349,22346,20582,20582,92.0936,92.106,99.9866,4.6537,3,360,2516,3,38,4,2921,9980,10602,1,1228,500,1,0.1,0,0.5,12098,0,0
hybrid,15,2,5,800,250,3,3,60,900,5,3,15,512,5,2,22347,22344,20704,20704,92.6478,92.6602,99.9866,4.78844,3,360,2539,3,44,5,2951,11692,9012,1,1006,500,1,0.1,0,0.5,10247,0,0
hybrid,15,2,5,800,250,3,3,60,900,5,3,15,512,5,3,22346,22337,20587,20587,92.1283,92.1655,99.9597,6.16174,9,360,2514,5,54,6,2939,9914,10673,1,1235,500,1,0.1,0,0.5,12272,0,0
hybrid,15,2,5,800,250,3,3,60,900,5,3,15,512,5,4,22344,22343,20899,20899,93.5329,93.5371,99.9955,4.5914,1,360,2597,1,9,1,2968,8895,12004,1,1318,500,1,0.1,0,0.5,13350,0,0
hybrid,15,2,5,800,250,3,3,60,900,5,3,15,512,5,5,22346,22340,21055,21055,94.2227,94.248,99.9731,4.82748,6,360,2570,2,20,2,2954,13725,7330,1,796,500,1,0.1,0,0.5,8229,0,0
hybrid,15,2,5,800,250,3,3,60,900,5,3,15,512,5,1,22349,21451,19935,19935,89.1986,92.9327,95.9819,4.72362,898,360,2508,190,2087,293,5438,11237,8698,1,1027,500,1,0.1,1,0.5,9905,19935,19781
hybrid,15,2,5,800,250,3,3,60,900,5,3,15,512,5,2,22347,22074,20605,20605,92.2048,93.3451,98.7784,7.35423,273,360,2548,61,898,105,3972,11042,9563,1,1057,500,1,0.1,1,0.5,10782,20605,20407
hybrid,15,2,5,800,250,3,3,60,900,5,3,15,512,5,3,22346,22180,20738,20738,92.8041,93.4986,99.2571,5.24409,166,360,2518,38,564,42,3522,10485,10253,1,1191,500,1,0.1,1,0.5,11616,20738,20564
hybrid,15,2,5,800,250,3,3,60,900,5,3,15,512,5,4,22344,22015,20504,20504,91.7651,93.1365,98.5276,5.36132,329,360,2594,68,696,70,3788,8673,11831,1,1297,500,1,0.1,1,0.5,13209,20504,20377
hybrid,15,2,5,800,250,3,3,60,900,5,3,15,512,5,5,22346,21848,20456,20456,91.5421,93.6287,97.7714,5.07614,498,360,2585,104,1460,102,4611,12015,8441,1,931,500,1,0.1,1,0.5,9625,20456,20299
hybrid,15,2,5,800,250,3,3,60,900,5,3,15,512,5,1,22349,22346,18778,18778,84.0217,84.0329,99.9866,4.62011,3,360,2516,3,38,4,2921,9980,8798,1,3032,500,1,0.25,0,0.5,12098,0,0
hybrid,15,2,5,800,250,3,3,60,900,5,3,15,512,5,2,22347,22344,19203,19203,85.931,85.9425,99.9866,4.77596,3,360,2539,3,44,5,2951,11692,7511,1,2507,500,1,0.25,0,0.5,10247,0,0
hybrid,15,2,5,800,250,3,3,60,900,5,3,15,512,5,3,22346,22337,18792,18792,84.0956,84.1295,99.9597,6.32093,9,360,2514,5,54,6,2939,9914,8878,1,3030,500,1,0.25,0,0.5,12272,0,0
hybrid,15,2,5,800,250,3,3,60,900,5,3,15,512,5,4,22344,22343,18890,18890,84.5417,84.5455,99.9955,4.62602,1,360,2597,1,9,1,2968,8895,9995,1,3327,500,1,0.25,0,0.5,13350,0,0
hybrid,15,2,5,800,250,3,3,60,900,5,3,15,512,5,5,22346,22340,19793,19793,88.5751,88.5989,99.9731,4.82662,6,360,2570,2,20,2,2954,13725,6068,1,2058,500,1,0.25,0,0.5,8229,0,0
hybrid,15,2,5,800,250,3,3,60,900,5,3,15,512,5,1,22349,22341,19049,19049,85.2342,85.2648,99.9642,4.9151,8,360,2513,8,113,13,3007,10459,8590,1,2975,500,1,0.25,1,0.5,11704,19049,18922
hybrid,15,2,5,800,250,3,3,60,900,5,3,15,512,5,2,22347,21124,18143,18143,81.1876,85.8881,94.5272,20.3158,1223,360,2514,249,3684,473,7280,10983,7160,1,2396,500,1,0.25,1,0.5,9761,18143,17974
hybrid,15,2,5,800,250,3,3,60,900,5,3,15,512,5,3,22346,21861,18609,18609,83.2766,85.1242,97.8296,5.28326,485,360,2489,105,1534,134,4622,10567,8042,1,2749,500,1,0.25,1,0.5,11036,18609,18513
hybrid,15,2,5,800,250,3,3,60,900,5,3,15,512,5,4,22344,21666,18255,18255,81.6998,84.2564,96.9656,4.67734,678,360,2578,140,1957,155,5190,8770,9485,1,3168,500,1,0.25,1,0.5,12782,18255,18215
hybrid,15,2,5,800,250,3,3,60,900,5,3,15,512,5,5,22346,21190,18906,18906,84.6057,89.2213,94.8268,5.26381,1156,360,2591,242,3199,308,6700,13998,4908,1,1662,500,1,0.25,1,0.5,6849,18906,18679
hybrid,15,2,5,800,250,3,3,60,900,5,3,15,512,5,1,22349,22346,15842,15842,70.8846,70.8941,99.9866,4.62718,3,360,2516,3,38,4,2921,9980,5862,1,5968,500,1,0.5,0,0.5,12098,0,0
hybrid,15,2,5,800,250,3,3,60,900,5,3,15,512,5,2,22347,22344,16815,16815,75.245,75.2551,99.9866,4.76784,3,360,2539,3,44,5,2951,11692,5123,1,4895,500,1,0.5,0,0.5,10247,0,0
hybrid,15,2,5,800,250,3,3,60,900,5,3,15,512,5,3,22346,22337,15824,15824,70.8136,70.8421,99.9597,4.74019,9,360,2514,5,54,6,2939,9914,5910,1,5998,500,1,0.5,0,0.5,12272,0,0
hybrid,15,2,5,800,250,3,3,60,900,5,3,15,512,5,1,22349,22346,9980,9980,44.6552,44.6612,99.9866,4.69211,3,360,2516,3,38,4,2921,9980,0,1,11830,500,1,1,0,0.5,12098,0,0
hybrid,15,2,5,800,250,3,3,60,900,5,3,15,512,5,2,22347,22344,11692,11692,52.3202,52.3272,99.9866,4.58109,3,360,2539,3,44,5,2951,11692,0,1,10018,500,1,1,0,0.5,10247,0,0
hybrid,15,2,5,800,250,3,3,60,900,5,3,15,512,5,3,22346,22337,9914,9914,44.3659,44.3838,99.9597,4.69058,9,360,2514,5,54,6,2939,9914,0,1,11908,500,1,1,0,0.5,12272,0,0
hybrid,15,2,5,800,250,3,3,60,900,5,3,15,512,5,4,22344,22343,8895,8895,39.8093,39.8111,99.9955,5.04617,1,360,2597,1,9,1,2968,8895,0,1,13322,500,1,1,0,0.5,13350,0,0
hybrid,15,2,5,800,250,3,3,60,900,5,3,15,512,5,5,22346,22340,13725,13725,61.4204,61.4369,99.9731,4.79582,6,360,2570,2,20,2,2954,13725,0,1,8126,500,1,1,0,0.5,8229,0,0
hybrid,15,2,5,800,250,3,3,60,900,5,3,15,512,5,1,22349,20170,19078,19078,85.364,94.586,90.2501,6.01867,2179,360,2473,496,5874,665,9868,19078,0,1,461,500,1,1,1,0.5,496,19078,18908
hybrid,15,2,5,800,250,3,3,60,900,5,3,15,512,5,2,22347,19037,18224,18224,81.5501,95.7294,85.1882,55.5819,3310,360,2483,690,10060,1294,14887,18224,0,1,327,500,1,1,1,0.5,350,18224,18076
hybrid,15,2,5,800,250,3,3,60,900,5,3,15,512,5,3,22346,18267,17239,17239,77.1458,94.3724,81.7462,6.43469,4079,360,2479,859,11073,1373,16144,17239,0,1,370,500,1,1,1,0.5,387,17239,17008
hybrid,15,2,5,800,250,3,3,60,900,5,3,15,512,5,4,22344,14761,13517,13517,60.495,91.5724,66.0625,6.56089,7583,360,2468,1556,21151,2556,28091,13517,0,1,330,500,1,1,1,0.5,367,13517,13379
hybrid,15,2,5,800,250,3,3,60,900,5,3,15,512,5,5,22346,19446,18487,18487,82.7307,95.0684,87.0223,5.75499,2900,360,2591,605,8193,961,12710,18487,0,1,385,500,1,1,1,0.5,394,18487,18434
hybrid,15,2,5,800,250,3,3,60,900,5,3,15,512,5,1,22349,22346,20582,20582,92.0936,92.106,99.9866,4.6537,3,360,2516,3,38,4,2921,9980,10602,1,1228,500,1,0.1,0,0.5,12098,0,0
hybrid,15,2,5,800,250,3,3,60,900,5,3,15,512,5,2,22347,22344,20704,20704,92.6478,92.6602,99.9866,4.78844,3,360,2539,3,44,5,2951,11692,9012,1,1006,500,1,0.1,0,0.5,10247,0,0
hybrid,15,2,5,800,250,3,3,60,900,5,3,15,512,5,3,22346,22337,20587,20587,92.1283,92.1655,99.9597,6.16174,9,360,2514,5,54,6,2939,9914,10673,1,1235,500,1,0.1,0,0.5,12272,0,0
hybrid,15,2,5,800,250,3,3,60,900,5,3,15,512,5,4,22344,22343,20899,20899,93.5329,93.5371,99.9955,4.5914,1,360,2597,1,9,1,2968,8895,12004,1,1318,500,1,0.1,0,0.5,13350,0,0
hybrid,15,2,5,800,250,3,3,60,900,5,3,15,512,5,5,22346,22340,21055,21055,94.2227,94.248,99.9731,4.82748,6,360,2570,2,20,2,2954,13725,7330,1,796,500,1,0.1,0,0.5,8229,0,0
hybrid,15,2,5,800,250,3,3,60,900,5,3,15,512,5,1,22349,21451,19935,19935,89.1986,92.9327,95.9819,4.72362,898,360,2508,190,2087,293,5438,11237,8698,1,1027,500,1,0.1,1,0.5,9905,19935,19781
hybrid,15,2,5,800,250,3,3,60,900,5,3,15,512,5,2,22347,22074,20605,20605,92.2048,93.3451,98.7784,7.35423,273,360,2548,61,898,105,3972,11042,9563,1,1057,500,1,0.1,1,0.5,10782,20605,20407
hybrid,15,2,5,800,250,3,3,60,900,5,3,15,512,5,3,22346,22180,20738,20738,92.8041,93.4986,99.2571,5.24409,166,360,2518,38,564,42,3522,10485,10253,1,1191,500,1,0.1,1,0.5,11616,20738,20564
hybrid,15,2,5,800,250,3,3,60,900,5,3,15,512,5,4,22344,22015,20504,20504,91.7651,93.1365,98.5276,5.36132,329,360,2594,68,696,70,3788,8673,11831,1,1297,500,1,0.1,1,0.5,13209,20504,20377
hybrid,15,2,5,800,250,3,3,60,900,5,3,15,512,5,5,22346,21848,20456,20456,91.5421,93.6287,97.7714,5.07614,498,360,2585,104,1460,102,4611,12015,8441,1,931,500,1,0.1,1,0.5,9625,20456,20299
hybrid,15,2,5,800,250,3,3,60,900,5,3,15,512,5,1,22349,22346,18778,18778,84.0217,84.0329,99.9866,4.62011,3,360,2516,3,38,4,2921,9980,8798,1,3032,500,1,0.25,0,0.5,12098,0,0
hybrid,15,2,5,800,250,3,3,60,900,5,3,15,512,5,2,22347,22344,19203,19203,85.931,85.9425,99.9866,4.77596,3,360,2539,3,44,5,2951,11692,7511,1,2507,500,1,0.25,0,0.5,10247,0,0
hybrid,15,2,5,800,250,3,3,60,900,5,3,15,512,5,3,22346,22337,18792,18792,84.0956,84.1295,99.9597,6.32093,9,360,2514,5,54,6,2939,9914,8878,1,3030,500,1,0.25,0,0.5,12272,0,0
hybrid,15,2,5,800,250,3,3,60,900,5,3,15,512,5,4,22344,22343,18890,18890,84.5417,84.5455,99.9955,4.62602,1,360,2597,1,9,1,2968,8895,9995,1,3327,500,1,0.25,0,0.5,13350,0,0
hybrid,15,2,5,800,250,3,3,60,900,5,3,15,512,5,5,22346,22340,19793,19793,88.5751,88.5989,99.9731,4.82662,6,360,2570,2,20,2,2954,13725,6068,1,2058,500,1,0.25,0,0.5,8229,0,0
hybrid,15,2,5,800,250,3,3,60,900,5,3,15,512,5,1,22349,22341,19049,19049,85.2342,85.2648,99.9642,4.9151,8,360,2513,8,113,13,3007,10459,8590,1,2975,500,1,0.25,1,0.5,11704,19049,18922
hybrid,15,2,5,800,250,3,3,60,900,5,3,15,512,5,2,22347,21124,18143,18143,81.1876,85.8881,94.5272,20.3158,1223,360,2514,249,3684,473,7280,10983,7160,1,2396,500,1,0.25,1,0.5,9761,18143,17974
hybrid,15,2,5,800,250,3,3,60,900,5,3,15,512,5,3,22346,21861,18609,18609,83.2766,85.1242,97.8296,5.28326,485,360,2489,105,1534,134,4622,10567,8042,1,2749,500,1,0.25,1,0.5,11036,18609,18513
hybrid,15,2,5,800,250,3,3,60,900,5,3,15,512,5,4,22344,21666,18255,18255,81.6998,84.2564,96.9656,4.67734,678,360,2578,140,1957,155,5190,8770,9485,1,3168,500,1,0.25,1,0.5,12782,18255,18215
hybrid,15,2,5,800,250,3,3,60,900,5,3,15,512,5,5,22346,21190,18906,18906,84.6057,89.2213,94.8268,5.26381,1156,360,2591,242,3199,308,6700,13998,4908,1,1662,500,1,0.25,1,0.5,6849,18906,18679
hybrid,15,2,5,800,250,3,3,60,900,5,3,15,512,5,1,22349,22346,15842,15842,70.8846,70.8941,99.9866,4.62718,3,360,2516,3,38,4,2921,9980,5862,1,5968,500,1,0.5,0,0.5,12098,0,0
hybrid,15,2,5,800,250,3,3,60,900,5,3,15,512,5,2,22347,22344,16815,16815,75.245,75.2551,99.9866,4.76784,3,360,2539,3,44,5,2951,11692,5123,1,4895,500,1,0.5,0,0.5,10247,0,0
hybrid,15,2,5,800,250,3,3,60,900,5,3,15,512,5,3,22346,22337,15824,15824,70.8136,70.8421,99.9597,4.74019,9,360,2514,5,54,6,2939,9914,5910,1,5998,500,1,0.5,0,0.5,12272,0,0
hybrid,15,2,5,800,250,3,3,60,900,5,3,15,512,5,4,22344,22343,15554,15554,69.6115,69.6146,99.9955,4.70074,1,360,2597,1,9,1,2968,8895,6659,1,6663,500,1,0.5,0,0.5,13350,0,0
hybrid,15,2,5,800,250,3,3,60,900,5,3,15,512,5,5,22346,22340,17837,17837,79.8219,79.8433,99.9731,4.8335,6,360,2570,2,20,2,2954,13725,4112,1,4014,500,1,0.5,0,0.5,8229,0,0
hybrid,15,2,5,800,250,3,3,60,900,5,3,15,512,5,1,22349,16882,15387,15387,68.8487,91.1444,75.5381,5.94321,5467,360,2450,1127,15360,1948,21245,14607,780,1,784,500,1,0.5,1,0.5,1593,15387,15175
hybrid,15,2,5,800,250,3,3,60,900,5,3,15,512,5,2,22347,16710,15490,15490,69.3158,92.699,74.7751,54.5332,5637,360,2522,1152,16974,2216,23224,14929,561,1,597,500,1,0.5,1,0.5,1186,15490,15295
hybrid,15,2,5,800,250,3,3,60,900,5,3,15,512,5,3,22346,15859,14227,14227,63.6669,89.7093,70.9702,6.56971,6487,360,2478,1323,18186,2340,24687,13545,682,1,691,500,1,0.5,1,0.5,1405,14227,13953
hybrid,15,2,5,800,250,3,3,60,900,5,3,15,512,5,4,22344,17957,16436,16436,73.5589,91.5298,80.3661,6.5019,4387,360,2529,921,12073,1369,17252,15595,841,1,762,500,1,0.5,1,0.5,1693,16436,16240
hybrid,15,2,5,800,250,3,3,60,900,5,3,15,512,5,5,22346,21300,20096,20096,89.9311,94.3474,95.3191,5.36501,1046,360,2580,227,2618,300,6085,19082,1014,1,947,500,1,0.5,1,0.5,1985,20096,19928
hybrid,15,2,5,800,250,3,3,60,900,5,3,15,512,5,1,22349,22346,12894,12894,57.6939,57.7016,99.9866,4.69327,3,360,2516,3,38,4,2921,9980,2914,1,8916,500,1,0.75,0,0.5,12098,0,0
hybrid,15,2,5,800,250,3,3,60,900,5,3,15,512,5,2,22347,22344,14232,14232,63.6864,63.695,99.9866,4.6395,3,360,2539,3,44,5,2951,11692,2540,1,7478,500,1,0.75,0,0.5,10247,0,0
hybrid,15,2,5,800,250,3,3,60,900,5,3,15,512,5,3,22346,22337,12977,12977,58.073,58.0964,99.9597,4.73522,9,360,2514,5,54,6,2939,9914,3063,1,8845,500,1,0.75,0,0.5,12272,0,0
hybrid,15,2,5,800,250,3,3,60,900,5,3,15,512,5,4,22344,22343,12204,12204,54.6187,54.6211,99.9955,4.83171,1,360,2597,1,9,1,2968,8895,3309,1,10013,500,1,0.75,0,0.5,13350,0,0
hybrid,15,2,5,800,250,3,3,60,900,5,3,15,512,5,5,22346,22340,15747,15747,70.469,70.4879,99.9731,4.83047,6,360,2570,2,20,2,2954,13725,2022,1,6104,500,1,0.75,0,0.5,8229,0,0
hybrid,15,2,5,800,250,3,3,60,900,5,3,15,512,5,1,22349,17796,16498,16498,73.8199,92.7062,79.6277,8.07517,4553,360,2441,959,12723,1573,18056,16382,116,1,362,500,1,0.75,1,0.5,507,16498,16372
hybrid,15,2,5,800,250,3,3,60,900,5,3,15,512,5,2,22347,17254,16361,16361,73.2134,94.8244,77.2095,67.8942,5093,360,2514,1046,15369,2003,21292,16279,82,1,273,500,1,0.75,1,0.5,372,16361,16159
hybrid,15,2,5,800,250,3,3,60,900,5,3,15,512,5,3,22346,14662,13749,13749,61.5278,93.773,65.6135,6.61851,7684,360,2447,1571,21052,2727,28157,13639,110,1,294,500,1,0.75,1,0.5,426,13749,13507
hybrid,15,2,5,800,250,3,3,60,900,5,3,15,512,5,4,22344,16015,14983,14983,67.056,93.556,71.6747,6.54534,6329,360,2527,1307,17402,2056,23652,14890,93,1,270,500,1,0.75,1,0.5,369,14983,14852
hybrid,15,2,5,800,250,3,3,60,900,5,3,15,512,5,5,22346,20976,20329,20329,90.9738,96.9155,93.8691,5.72212,1370,360,2580,297,3467,401,7105,20216,113,1,313,500,1,0.75,1,0.5,434,20329,20251
hybrid,15,2,5,800,250,3,3,60,900,5,3,15,512,5,1,22349,22335,15594,15594,69.7749,69.8187,99.9374,4.95872,14,360,2529,8,113,14,3024,9848,5746,1,5854,500,1,0.5,1,0.1,12009,15594,15396
hybrid,15,2,5,800,250,3,3,60,900,5,3,15,512,5,2,22347,22332,16867,16867,75.4777,75.5284,99.9329,10.4936,15,360,2529,6,89,11,2995,11869,4998,1,4755,500,1,0.5,1,0.1,10113,16867,16799
hybrid,15,2,5,800,250,3,3,60,900,5,3,15,512,5,3,22346,22054,15752,15752,70.4914,71.4247,98.6933,6.30484,292,360,2473,65,968,89,3955,10035,5717,1,5803,500,1,0.5,1,0.1,11828,15752,15478
hybrid,15,2,5,800,250,3,3,60,900,5,3,15,512,5,4,22344,21928,15198,15198,68.0183,69.3086,98.1382,4.84087,416,360,2603,85,1186,86,4320,9055,6143,1,6172,500,1,0.5,1,0.1,12675,15198,15121
hybrid,15,2,5,800,250,3,3,60,900,5,3,15,512,5,5,22346,22285,17629,17629,78.8911,79.107,99.727,5.17771,61,360,2582,16,235,20,3213,13181,4448,1,4356,500,1,0.5,1,0.1,8948,17629,17381
hybrid,15,2,5,800,250,3,3,60,900,5,3,15,512,5,1,22349,21715,15610,15610,69.8465,71.8858,97.1632,4.72944,634,360,2524,130,1943,249,5206,10067,5543,1,5663,500,1,0.5,1,0.3,11360,15610,15487
hybrid,15,2,5,800,250,3,3,60,900,5,3,15,512,5,2,22347,21106,15748,15748,70.4703,74.6139,94.4467,10.3547,1241,360,2516,263,3846,496,7481,10858,4890,1,4657,500,1,0.5,1,0.3,9809,15748,15536
hybrid,15,2,5,800,250,3,3,60,900,5,3,15,512,5,3,22346,22012,16208,16208,72.532,73.6326,98.5053,5.17717,334,360,2520,73,1089,106,4148,10747,5461,1,5514,500,1,0.5,1,0.3,11116,16208,16066
hybrid,15,2,5,800,250,3,3,60,900,5,3,15,512,5,4,22344,20857,13952,13952,62.4418,66.8936,93.345,4.64896,1487,360,2562,300,4355,464,8041,7713,6239,1,6256,500,1,0.5,1,0.3,12770,13952,13881
hybrid,15,2,5,800,250,3,3,60,900,5,3,15,512,5,5,22346,22330,17768,17768,79.5131,79.5701,99.9284,5.21011,16,360,2575,7,82,10,3034,13417,4351,1,4267,500,1,0.5,1,0.3,8741,17768,17660
hybrid,15,2,5,800,250,3,3,60,900,5,3,15,512,5,1,22349,18516,17781,17781,79.5606,96.0305,82.8493,6.22561,3833,360,2445,822,10267,1226,15120,17526,255,1,268,500,1,0.5,1,0.7,576,17781,17608
hybrid,15,2,5,800,250,3,3,60,900,5,3,15,512,5,2,22347,16976,16404,16404,73.4058,96.6305,75.9655,40.1689,5371,360,2507,1096,16084,2073,22120,16234,170,1,189,500,1,0.5,1,0.7,361,16404,16235
hybrid,15,2,5,800,250,3,3,60,900,5,3,15,512,5,3,22346,18673,18004,18004,80.5692,96.4173,83.5631,6.34957,3673,360,2507,771,9640,1166,14444,17773,231,1,220,500,1,0.5,1,0.7,464,18004,17900
hybrid,15,2,5,800,250,3,3,60,900,5,3,15,512,5,4,22344,16130,15286,15286,68.4121,94.7675,72.1894,5.95752,6214,360,2467,1288,16884,2043,23042,14964,322,1,301,500,1,0.5,1,0.7,661,15286,15105
hybrid,15,2,5,800,250,3,3,60,900,5,3,15,512,5,5,22346,18990,18390,18390,82.2966,96.8404,84.9817,5.60256,3356,360,2570,686,9294,1182,14092,18103,287,1,215,500,1,0.5,1,0.7,513,18390,18308
hybrid,15,2,5,800,250,3,3,60,900,5,3,15,512,5,1,22349,15437,15016,15016,67.1887,97.2728,69.0724,6.06961,6912,360,2452,1408,19543,2465,26228,14788,228,1,229,500,1,0.5,1,0.9,484,15016,14865
hybrid,15,2,5,800,250,3,3,60,900,5,3,15,512,5,2,22347,16260,15858,15858,70.9625,97.5277,72.7614,14.6127,6087,360,2501,1233,18097,2315,24506,15698,160,1,173,500,1,0.5,1,0.9,351,15858,15780
hybrid,15,2,5,800,250,3,3,60,900,5,3,15,512,5,3,22346,18147,17764,17764,79.4952,97.8895,81.2092,9.22205,4199,360,2479,880,10997,1374,16090,17584,180,1,176,500,1,0.5,1,0.9,365,17764,17634
hybrid,15,2,5,800,250,3,3,60,900,5,3,15,512,5,4,22344,13251,12752,12752,57.0712,96.2342,59.3045,6.06834,9093,360,2453,1849,25373,3125,33160,12561,191,1,172,500,1,0.5,1,0.9,368,12752,12668
hybrid,15,2,5,800,250,3,3,60,900,5,3,15,512,5,5,22346,17571,17249,17249,77.1905,98.1674,78.6315,5.34739,4775,360,2582,971,13381,1719,19013,17050,199,1,148,500,1,0.5,1,0.9,352,17249,17165
hybrid,25,3,5,1000,250,3,3,60,900,5,3,15,512,5,1,22345,21760,8879,8879,39.736,40.8042,97.382,4.51301,585,540,5078,122,260,14,6014,1947,0,1,11556,1000,1,1,0,0.5,12152,0,0
hybrid,25,3,5,1000,250,3,3,60,900,5,3,15,512,5,2,22345,21302,8670,8670,38.8006,40.7004,95.3323,5.14054,1043,540,5290,212,732,14,6788,4371,0,1,12501,1000,1,1,0,0.5,12600,0,0
hybrid,25,3,5,1000,250,3,3,60,900,5,3,15,512,5,3,22347,20796,7560,7560,33.83,36.3531,93.0595,5.53511,1551,540,4804,315,512,14,6185,5852,0,1,12440,1000,1,1,0,0.5,12645,0,0
hybrid,25,3,5,1000,250,3,3,60,900,5,3,15,512,5,4,22346,21196,6370,6370,28.5062,30.0528,94.8537,4.99721,1150,540,4638,233,653,14,6078,4780,0,1,14295,1000,1,1,0,0.5,14499,0,0
hybrid,25,3,5,1000,250,3,3,60,900,5,3,15,512,5,5,22346,20685,5876,5876,26.2955,28.4071,92.5669,4.97455,1661,540,4419,338,1825,19,7141,4913,0,1,13908,1000,1,1,0,0.5,14663,0,0
hybrid,25,3,5,1000,250,3,3,60,900,5,3,15,512,5,1,22345,18261,16902,16902,75.6411,92.5579,81.723,28.257,4084,540,5075,850,14507,1471,22443,5205,0,1,497,1000,1,1,1,0.5,504,16902,16506
hybrid,25,3,5,1000,250,3,3,60,900,5,3,15,512,5,2,22345,18907,17902,17902,80.1164,94.6845,84.614,7.07992,3438,540,5209,726,12150,918,19543,8978,0,1,369,1000,1,1,1,0.5,369,17902,17444
hybrid,25,3,5,1000,250,3,3,60,900,5,3,15,512,5,3,22347,16195,14806,14806,66.255,91.4233,72.4706,8.82308,6152,540,4689,1282,20919,1840,29270,8690,0,1,413,1000,1,1,1,0.5,418,14806,14513
hybrid,25,3,5,1000,250,3,3,60,900,5,3,15,512,5,4,22346,18624,17221,17221,77.0652,92.4667,83.3438,32.7371,3722,540,4471,797,12175,1329,19312,10059,0,1,360,1000,1,1,1,0.5,364,17221,16771
hybrid,25,3,5,1000,250,3,3,60,900,5,3,15,512,5,5,22346,18353,16925,16925,75.7406,92.2193,82.131,22.494,3993,540,4420,861,12946,1042,19809,13706,0,1,361,1000,1,1,1,0.5,366,16925,16688
hybrid,25,3,5,1000,250,3,3,60,900,5,3,15,512,5,1,22345,21760,19299,19299,86.3683,88.6903,97.382,4.73365,585,540,5078,122,260,14,6014,1947,10420,1,1136,1000,1,0.1,0,0.5,12152,0,0
hybrid,25,3,5,1000,250,3,3,60,900,5,3,15,512,5,2,22345,21302,19917,19917,89.134,93.4983,95.3323,6.73127,1043,540,5290,212,732,14,6788,4371,11247,1,1254,1000,1,0.1,0,0.5,12600,0,0
hybrid,25,3,5,1000,250,3,3,60,900,5,3,15,512,5,3,22347,20796,18769,18769,83.9889,90.2529,93.0595,5.51398,1551,540,4804,315,512,14,6185,5852,11209,1,1231,1000,1,0.1,0,0.5,12645,0,0
hybrid,25,3,5,1000,250,3,3,60,900,5,3,15,512,5,4,22346,21196,19272,19272,86.2436,90.9228,94.8537,4.9139,1150,540,4638,233,653,14,6078,4780,12902,1,1393,1000,1,0.1,0,0.5,14499,0,0
hybrid,25,3,5,1000,250,3,3,60,900,5,3,15,512,5,5,22346,20685,18336,18336,82.055,88.6439,92.5669,5.1492,1661,540,4419,338,1825,19,7141,4913,12460,1,1448,1000,1,0.1,0,0.5,14663,0,0
hybrid,25,3,5,1000,250,3,3,60,900,5,3,15,512,5,1,22345,21180,19600,19600,87.7154,92.5401,94.7863,5.1655,1165,540,5076,240,1826,196,7878,2240,10190,1,1115,1000,1,0.1,1,0.5,11462,19600,19247
hybrid,25,3,5,1000,250,3,3,60,900,5,3,15,512,5,2,22345,21270,19676,19676,88.0555,92.5059,95.1891,4.70972,1075,540,5228,219,779,17,6783,3845,11593,1,1293,1000,1,0.1,1,0.5,13017,19676,19625
hybrid,25,3,5,1000,250,3,3,60,900,5,3,15,512,5,3,22347,20212,18330,18330,82.0244,90.6887,90.4461,6.6839,2135,540,4776,439,2883,271,8909,5711,10461,1,1153,1000,1,0.1,1,0.5,11955,18330,18097
hybrid,25,3,5,1000,250,3,3,60,900,5,3,15,512,5,4,22346,21059,19109,19109,85.5142,90.7403,94.2406,5.27832,1287,540,4603,267,978,45,6433,5688,11737,1,1279,1000,1,0.1,1,0.5,13418,19109,19006
hybrid,25,3,5,1000,250,3,3,60,900,5,3,15,512,5,5,22346,20524,18442,18442,82.5293,89.8558,91.8464,5.56606,1822,540,4362,375,2392,80,7749,5162,12346,1,1438,1000,1,0.1,1,0.5,14186,18442,18364
hybrid,25,3,5,1000,250,3,3,60,900,5,3,15,512,5,1,22345,21760,17565,17565,78.6082,80.7215,97.382,4.72568,585,540,5078,122,260,14,6014,1947,8686,1,2870,1000,1,0.25,0,0.5,12152,0,0
hybrid,25,3,5,1000,250,3,3,60,900,5,3,15,512,5,2,22345,21302,18046,18046,80.7608,84.7151,95.3323,6.73494,1043,540,5290,212,732,14,6788,4371,9376,1,3125,1000,1,0.25,0,0.5,12600,0,0
hybrid,25,3,5,1000,250,3,3,60,900,5,3,15,512,5,3,22347,20796,16868,16868,75.4822,81.1118,93.0595,5.56206,1551,540,4804,315,512,14,6185,5852,9308,1,3132,1000,1,0.25,0,0.5,12645,0,0
hybrid,25,3,5,1000,250,3,3,60,900,5,3,15,512,5,4,22346,21196,17132,17132,76.667,80.8266,94.8537,4.97192,1150,540,4638,233,653,14,6078,4780,10762,1,3533,1000,1,0.25,0,0.5,14499,0,0
hybrid,25,3,5,1000,250,3,3,60,900,5,3,15,512,5,5,22346,20685,16187,16187,72.438,78.2548,92.5669,5.02833,1661,540,4419,338,1825,19,7141,4913,10311,1,3597,1000,1,0.25,0,0.5,14663,0,0
hybrid,25,3,5,1000,250,3,3,60,900,5,3,15,512,5,1,22345,21303,18090,18090,80.9577,84.9176,95.3368,5.17138,1042,540,5068,218,2038,217,8081,2822,8508,1,2811,1000,1,0.25,1,0.5,11490,18090,17913
hybrid,25,3,5,1000,250,3,3,60,900,5,3,15,512,5,2,22345,20295,17187,17187,76.9165,84.6859,90.8257,6.4536,2050,540,5192,421,5676,422,12251,4303,7453,1,2506,1000,1,0.25,1,0.5,10261,17187,16924
hybrid,25,3,5,1000,250,3,3,60,900,5,3,15,512,5,3,22347,19487,15914,15914,71.2131,81.6647,87.2019,6.20861,2860,540,4771,584,5733,500,12128,4952,8695,1,2951,1000,1,0.25,1,0.5,11880,15914,15807
hybrid,25,3,5,1000,250,3,3,60,900,5,3,15,512,5,4,22346,20928,17100,17100,76.5238,81.7087,93.6543,5.33199,1418,540,4649,289,1433,77,6988,5415,9901,1,3248,1000,1,0.25,1,0.5,13448,17100,17008
hybrid,25,3,5,1000,250,3,3,60,900,5,3,15,512,5,5,22346,20502,16588,16588,74.2325,80.9092,91.748,5.84316,1844,540,4383,381,2484,71,7859,5486,9874,1,3463,1000,1,0.25,1,0.5,13541,16588,16494
hybrid,25,3,5,1000,250,3,3,60,900,5,3,15,512,5,1,22345,21760,14647,14647,65.5493,67.3116,97.382,4.73548,585,540,5078,122,260,14,6014,1947,5768,1,5788,1000,1,0.5,0,0.5,12152,0,0
hybrid,25,3,5,1000,250,3,3,60,900,5,3,15,512,5,2,22345,21302,14922,14922,66.78,70.0498,95.3323,6.50735,1043,540,5290,212,732,14,6788,4371,6252,1,6249,1000,1,0.5,0,0.5,12600,0,0
hybrid,25,3,5,1000,250,3,3,60,900,5,3,15,512,5,3,22347,20796,13831,13831,61.892,66.508,93.0595,5.54436,1551,540,4804,315,512,14,6185,5852,6271,1,6169,1000,1,0.5,0,0.5,12645,0,0
hybrid,25,3,5,1000,250,3,3,60,900,5,3,15,512,5,4,22346,21196,13557,13557,60.6686,63.9602,94.8537,4.93936,1150,540,4638,233,653,14,6078,4780,7187,1,7108,1000,1,0.5,0,0.5,14499,0,0
hybrid,25,3,5,1000,250,3,3,60,900,5,3,15,512,5,5,22346,20685,12784,12784,57.2093,61.8032,92.5669,4.89533,1661,540,4419,338,1825,19,7141,4913,6908,1,7000,1000,1,0.5,0,0.5,14663,0,0
hybrid,25,3,5,1000,250,3,3,60,900,5,3,15,512,5,1,22345,20365,18279,18279,81.8035,89.7569,91.139,6.95168,1980,540,5067,434,5818,564,12423,5076,1211,1,1164,1000,1,0.5,1,0.5,2453,18279,18039
hybrid,25,3,5,1000,250,3,3,60,900,5,3,15,512,5,2,22345,18686,17066,17066,76.375,91.3304,83.625,9.50409,3659,540,5199,783,13856,1224,21602,9667,716,1,738,1000,1,0.5,1,0.5,1484,17066,16607
hybrid,25,3,5,1000,250,3,3,60,900,5,3,15,512,5,3,22347,14398,12779,12779,57.1844,88.7554,64.4292,8.77054,7949,540,4713,1628,28481,2453,37815,7468,604,1,634,1000,1,0.5,1,0.5,1260,12779,12559
hybrid,25,3,5,1000,250,3,3,60,900,5,3,15,512,5,4,22346,19396,17619,17619,78.8463,90.8383,86.7985,9.95033,2950,540,4529,636,9003,866,15574,10641,886,1,867,1000,1,0.5,1,0.5,1765,17619,17244
hybrid,25,3,5,1000,250,3,3,60,900,5,3,15,512,5,5,22346,18598,16893,16893,75.5974,90.8323,83.2274,31.737,3748,540,4389,806,10951,940,17626,13073,1007,1,975,1000,1,0.5,1,0.5,2022,16893,16617
hybrid,25,3,5,1000,250,3,3,60,900,5,3,15,512,5,1,22345,21760,11822,11822,52.9067,54.329,97.382,4.64533,585,540,5078,122,260,14,6014,1947,2943,1,8613,1000,1,0.75,0,0.5,12152,0,0
hybrid,25,3,5,1000,250,3,3,60,900,5,3,15,512,5,2,22345,21302,11809,11809,52.8485,55.4361,95.3323,5.3427,1043,540,5290,212,732,14,6788,4371,3139,1,9362,1000,1,0.75,0,0.5,12600,0,0
hybrid,25,3,5,1000,250,3,3,60,900,5,3,15,512,5,3,22347,20796,10712,10712,47.9348,51.5099,93.0595,5.73764,1551,540,4804,315,512,14,6185,5852,3152,1,9288,1000,1,0.75,0,0.5,12645,0,0
hybrid,25,3,5,1000,250,3,3,60,900,5,3,15,512,5,4,22346,21196,9970,9970,44.6165,47.0372,94.8537,4.86,1150,540,4638,233,653,14,6078,4780,3600,1,10695,1000,1,0.75,0,0.5,14499,0,0
hybrid,25,3,5,1000,250,3,3,60,900,5,3,15,512,5,5,22346,20685,9278,9278,41.5197,44.8538,92.5669,4.92123,1661,540,4419,338,1825,19,7141,4913,3402,1,10506,1000,1,0.75,0,0.5,14663,0,0
hybrid,25,3,5,1000,250,3,3,60,900,5,3,15,512,5,1,22345,19934,18684,18684,83.616,93.7293,89.2101,8.56024,2411,540,5073,517,6629,723,13482,4925,122,1,371,1000,1,0.75,1,0.5,514,18684,18435
hybrid,25,3,5,1000,250,3,3,60,900,5,3,15,512,5,2,22345,18176,17052,17052,76.3124,93.816,81.3426,6.84171,4169,540,5162,865,15787,1272,23626,8528,110,1,349,1000,1,0.75,1,0.5,462,17052,16799
hybrid,25,3,5,1000,250,3,3,60,900,5,3,15,512,5,3,22347,14964,13640,13640,61.0373,91.1521,66.962,7.2277,7383,540,4731,1523,26302,2214,35310,9245,105,1,313,1000,1,0.75,1,0.5,425,13640,13368
hybrid,25,3,5,1000,250,3,3,60,900,5,3,15,512,5,4,22346,19262,17909,17909,80.1441,92.9758,86.1989,11.2737,3084,540,4513,673,9894,892,16512,11103,130,1,366,1000,1,0.75,1,0.5,507,17909,17584
hybrid,25,3,5,1000,250,3,3,60,900,5,3,15,512,5,5,22346,16061,14812,14812,66.2848,92.2234,71.8742,24.8963,6285,540,4331,1306,21080,1891,29148,11751,137,1,356,1000,1,0.75,1,0.5,495,14812,14528
hybrid,25,3,5,1000,250,3,3,60,900,5,3,15,512,5,1,22345,21760,1947,1947,8.71336,8.94761,97.382,5.1077,585,540,5078,122,260,14,6014,1947,0,1,18488,1000,2,1,0,0.5,19171,0,0
hybrid,25,3,5,1000,250,3,3,60,900,5,3,15,512,5,2,22345,21302,4371,4371,19.5614,20.5192,95.3323,4.96481,1043,540,5290,212,732,14,6788,4371,0,1,16800,1000,2,1,0,0.5,16917,0,0
hybrid,25,3,5,1000,250,3,3,60,900,5,3,15,512,5,3,22347,20796,5852,5852,26.187,28.14,93.0595,5.4267,1551,540,4804,315,512,14,6185,5852,0,1,14148,1000,2,1,0,0.5,14863,0,0
hybrid,25,3,5,1000,250,3,3,60,900,5,3,15,512,5,4,22346,21196,4780,4780,21.3909,22.5514,94.8537,5.13935,1150,540,4638,233,653,14,6078,4780,0,1,15885,1000,2,1,0,0.5,16143,0,0
hybrid,25,3,5,1000,250,3,3,60,900,5,3,15,512,5,5,22346,20685,4913,4913,21.986,23.7515,92.5669,5.03974,1661,540,4419,338,1825,19,7141,4913,0,1,14871,1000,2,1,0,0.5,15762,0,0
hybrid,25,3,5,1000,250,3,3,60,900,5,3,15,512,5,1,22345,9568,7977,7977,35.6993,83.3717,42.8194,8.76412,12777,540,4979,2614,50716,5662,64511,7977,0,1,814,1000,2,1,1,0.5,824,7977,7783
hybrid,25,3,5,1000,250,3,3,60,900,5,3,15,512,5,2,22345,16671,15521,15521,69.4607,93.1018,74.6073,44.3275,5674,540,5148,1221,22353,2180,31442,15521,0,1,666,1000,2,1,1,0.5,717,15521,14999
hybrid,25,3,5,1000,250,3,3,60,900,5,3,15,512,5,3,22347,12175,10962,10962,49.0536,90.037,54.4816,7.71082,10172,540,4684,2077,37980,3378,48659,10962,0,1,690,1000,2,1,1,0.5,741,10962,10806
hybrid,25,3,5,1000,250,3,3,60,900,5,3,15,512,5,4,22346,16780,15151,15151,67.8018,90.292,75.0917,13.4103,5566,540,4526,1185,20533,2274,29058,15151,0,1,741,1000,2,1,1,0.5,758,15151,14887
hybrid,25,3,5,1000,250,3,3,60,900,5,3,15,512,5,5,22346,16693,15189,15189,67.9719,90.9902,74.7024,11.0735,5653,540,4364,1189,18876,1945,26914,15189,0,1,668,1000,2,1,1,0.5,684,15189,14982
hybrid,25,3,5,1000,250,3,3,60,900,5,3,15,512,5,1,22345,21765,15291,15291,68.4314,70.255,97.4043,5.14341,580,540,5067,121,252,13,5993,2403,5990,1,6035,1000,1,0.5,1,0.1,12143,15291,15251
hybrid,25,3,5,1000,250,3,3,60,900,5,3,15,512,5,2,22345,21036,14894,14894,66.6547,70.8024,94.1419,5.13517,1309,540,5241,268,1854,96,7999,4441,5924,1,5919,1000,1,0.5,1,0.1,12014,14894,14691
hybrid,25,3,5,1000,250,3,3,60,900,5,3,15,512,5,3,22347,20613,13680,13680,61.2163,66.3659,92.2406,8.80533,1734,540,4789,356,1186,73,6944,5679,5783,1,5716,1000,1,0.5,1,0.1,12291,13680,13456
hybrid,25,3,5,1000,250,3,3,60,900,5,3,15,512,5,4,22346,21198,13573,13573,60.7402,64.0296,94.8626,6.23632,1148,540,4623,234,673,17,6087,4994,6680,1,6596,1000,1,0.5,1,0.1,13819,13573,13387
hybrid,25,3,5,1000,250,3,3,60,900,5,3,15,512,5,5,22346,20672,13433,13433,60.1137,64.9816,92.5087,5.82279,1674,540,4397,349,2041,44,7371,5767,6516,1,6621,1000,1,0.5,1,0.1,13555,13433,13259
hybrid,25,3,5,1000,250,3,3,60,900,5,3,15,512,5,1,22345,21694,15353,15353,68.7089,70.7707,97.0866,5.13246,651,540,5068,137,397,22,6164,2403,5946,1,5978,1000,1,0.5,1,0.3,11996,15353,15307
hybrid,25,3,5,1000,250,3,3,60,900,5,3,15,512,5,2,22345,21065,14851,14851,66.4623,70.5008,94.2716,5.03047,1280,540,5219,263,1861,107,7990,4397,5989,1,5999,1000,1,0.5,1,0.3,12105,14851,14670
hybrid,25,3,5,1000,250,3,3,60,900,5,3,15,512,5,3,22347,20128,14423,14423,64.5411,71.6564,90.0703,10.6837,2219,540,4780,469,3461,252,9502,6305,4813,1,4751,1000,1,0.5,1,0.3,9907,14423,14189
hybrid,25,3,5,1000,250,3,3,60,900,5,3,15,512,5,4,22346,20833,13152,13152,58.8562,63.1306,93.2292,7.76628,1513,540,4622,311,2028,170,7671,5048,6954,1,6884,1000,1,0.5,1,0.3,14178,13152,12827
hybrid,25,3,5,1000,250,3,3,60,900,5,3,15,512,5,5,22346,20514,13132,13132,58.7667,64.0148,91.8017,6.05247,1832,540,4404,376,2355,59,7734,5250,6668,1,6761,1000,1,0.5,1,0.3,13744,13132,13034
hybrid,25,3,5,1000,250,3,3,60,900,5,3,15,512,5,1,22345,19060,18186,18186,81.3873,95.4145,85.2987,8.18142,3285,540,5065,695,10948,1125,18373,5369,295,1,275,1000,1,0.5,1,0.7,582,18186,17928
hybrid,25,3,5,1000,250,3,3,60,900,5,3,15,512,5,2,22345,17658,16929,16929,75.7619,95.8716,79.0244,6.19303,4687,540,5203,964,18218,1490,26415,8099,173,1,192,1000,1,0.5,1,0.7,366,16929,16722
hybrid,25,3,5,1000,250,3,3,60,900,5,3,15,512,5,3,22347,14586,13710,13710,61.3505,93.9942,65.2705,8.84185,7761,540,4723,1599,27165,2332,36359,9487,191,1,199,1000,1,0.5,1,0.7,399,13710,13525
hybrid,25,3,5,1000,250,3,3,60,900,5,3,15,512,5,4,22346,19054,18090,18090,80.9541,94.9407,85.2681,13.5794,3292,540,4591,713,10475,1076,17395,11129,290,1,269,1000,1,0.5,1,0.7,575,18090,17756
hybrid,25,3,5,1000,250,3,3,60,900,5,3,15,512,5,5,22346,17741,16952,16952,75.8615,95.5527,79.3923,16.5102,4605,540,4390,979,15480,1219,22608,13525,226,1,189,1000,1,0.5,1,0.7,432,16952,16732
hybrid,25,3,5,1000,250,3,3,60,900,5,3,15,512,5,1,22345,14672,14137,14137,63.267,96.3536,65.6612,6.5172,7673,540,5035,1564,29633,3327,40099,3707,207,1,184,1000,1,0.5,1,0.9,406,14137,13959
hybrid,25,3,5,1000,250,3,3,60,900,5,3,15,512,5,2,22345,14488,13890,13890,62.1616,95.8724,64.8378,6.04213,7857,540,5093,1593,31852,3108,42186,5571,165,1,183,1000,1,0.5,1,0.9,370,13890,13740
hybrid,25,3,5,1000,250,3,3,60,900,5,3,15,512,5,3,22347,11123,10580,10580,47.3442,95.1182,49.774,8.0657,11224,540,4631,2290,42097,4097,53655,5255,192,1,200,1000,1,0.5,1,0.9,398,10580,10456
hybrid,25,3,5,1000,250,3,3,60,900,5,3,15,512,5,4,22346,15849,15337,15337,68.6342,96.7695,70.9254,6.92886,6497,540,4530,1335,24231,2542,33178,8607,176,1,173,1000,1,0.5,1,0.9,364,15337,15161
hybrid,25,3,5,1000,250,3,3,60,900,5,3,15,512,5,5,22346,12197,11636,11636,52.072,95.4005,54.5825,11.5651,10149,540,4290,2061,38702,3659,49252,8791,199,1,171,1000,1,0.5,1,0.9,371,11636,11510
