beta,minSample,mode,nodes,gateways,sources,area,range,speedMin,speedMax,pause,simTime,advInterval,advZone,entryLifetime,packetSize,cbrRate,seed,offered,sent,relayed,received,pdr,txPdr,gwAvail,delay_ms,noGateway,advSent,advFwd,solSent,solFwd,replies,control,gw0,gw1,malicious,droppedByMalicious,areaHeight,numMaliciousGw,dropFraction,trustAware,trustThreshold,dataViaMalicious,acksSent,acksDelivered
0,25,hybrid,15,2,5,800,250,3,3,60,900,5,3,15,512,5,1,22349,20170,19078,19078,85.364,94.586,90.2501,6.01867,2179,360,2473,496,5874,665,9868,19078,0,1,461,500,1,1,1,0.5,496,19078,18908
0,25,hybrid,15,2,5,800,250,3,3,60,900,5,3,15,512,5,2,22347,19037,18224,18224,81.5501,95.7294,85.1882,55.5819,3310,360,2483,690,10060,1294,14887,18224,0,1,327,500,1,1,1,0.5,350,18224,18076
0,25,hybrid,15,2,5,800,250,3,3,60,900,5,3,15,512,5,3,22346,18267,17239,17239,77.1458,94.3724,81.7462,6.43469,4079,360,2479,859,11073,1373,16144,17239,0,1,370,500,1,1,1,0.5,387,17239,17008
0,25,hybrid,15,2,5,800,250,3,3,60,900,5,3,15,512,5,4,22344,14761,13517,13517,60.495,91.5724,66.0625,6.56089,7583,360,2468,1556,21151,2556,28091,13517,0,1,330,500,1,1,1,0.5,367,13517,13379
0,25,hybrid,15,2,5,800,250,3,3,60,900,5,3,15,512,5,5,22346,19446,18487,18487,82.7307,95.0684,87.0223,5.75499,2900,360,2591,605,8193,961,12710,18487,0,1,385,500,1,1,1,0.5,394,18487,18434
0,50,hybrid,15,2,5,800,250,3,3,60,900,5,3,15,512,5,1,22349,22346,9881,9881,44.2123,44.2182,99.9866,4.55469,3,360,2508,3,38,4,2913,9881,0,1,11848,500,1,1,1,0.5,12197,9881,9768
0,50,hybrid,15,2,5,800,250,3,3,60,900,5,3,15,512,5,2,22347,22343,11503,11503,51.4745,51.4837,99.9821,18.4994,4,360,2557,3,44,5,2969,11503,0,1,10133,500,1,1,1,0.5,10270,11503,11285
0,50,hybrid,15,2,5,800,250,3,3,60,900,5,3,15,512,5,3,22346,22342,9535,9535,42.6698,42.6775,99.9821,5.12617,4,360,2501,4,54,6,2925,9535,0,1,12073,500,1,1,1,0.5,12271,9535,9465
0,50,hybrid,15,2,5,800,250,3,3,60,900,5,3,15,512,5,4,22344,22343,8791,8791,39.3439,39.3457,99.9955,4.85618,1,360,2594,1,9,1,2965,8791,0,1,13195,500,1,1,1,0.5,13250,8791,8758
0,50,hybrid,15,2,5,800,250,3,3,60,900,5,3,15,512,5,5,22346,22340,13694,13694,61.2817,61.2981,99.9731,4.79911,6,360,2582,2,20,2,2966,13694,0,1,8193,500,1,1,1,0.5,8329,13694,13379
0,100,hybrid,15,2,5,800,250,3,3,60,900,5,3,15,512,5,1,22349,22346,9881,9881,44.2123,44.2182,99.9866,4.55469,3,360,2508,3,38,4,2913,9881,0,1,11848,500,1,1,1,0.5,12197,9881,9768
0,100,hybrid,15,2,5,800,250,3,3,60,900,5,3,15,512,5,2,22347,22343,11503,11503,51.4745,51.4837,99.9821,18.4994,4,360,2557,3,44,5,2969,11503,0,1,10133,500,1,1,1,0.5,10270,11503,11285
0,100,hybrid,15,2,5,800,250,3,3,60,900,5,3,15,512,5,3,22346,22342,9535,9535,42.6698,42.6775,99.9821,5.12617,4,360,2501,4,54,6,2925,9535,0,1,12073,500,1,1,1,0.5,12271,9535,9465
0,100,hybrid,15,2,5,800,250,3,3,60,900,5,3,15,512,5,4,22344,22343,8791,8791,39.3439,39.3457,99.9955,4.85618,1,360,2594,1,9,1,2965,8791,0,1,13195,500,1,1,1,0.5,13250,8791,8758
0,100,hybrid,15,2,5,800,250,3,3,60,900,5,3,15,512,5,5,22346,22340,13694,13694,61.2817,61.2981,99.9731,4.79911,6,360,2582,2,20,2,2966,13694,0,1,8193,500,1,1,1,0.5,8329,13694,13379
0.3,10,hybrid,15,2,5,800,250,3,3,60,900,5,3,15,512,5,1,22349,18243,17286,17286,77.3457,94.7542,81.6278,8.16499,4106,360,2457,867,11561,1422,16667,17286,0,1,178,500,1,1,1,0.5,197,17286,17092
0.3,10,hybrid,15,2,5,800,250,3,3,60,900,5,3,15,512,5,2,22347,18334,17809,17809,79.693,97.1365,82.0423,42.2512,4013,360,2517,827,12159,1565,17428,17809,0,1,180,500,1,1,1,0.5,185,17809,17645
0.3,10,hybrid,15,2,5,800,250,3,3,60,900,5,3,15,512,5,3,22346,16887,16001,16001,71.6057,94.7534,75.5706,5.97473,5459,360,2468,1128,14469,1873,20298,16001,0,1,186,500,1,1,1,0.5,191,16001,15850
0.3,10,hybrid,15,2,5,800,250,3,3,60,900,5,3,15,512,5,4,22344,14962,14288,14288,63.9456,95.4953,66.962,6.20785,7382,360,2383,1510,20325,2436,27014,14288,0,1,171,500,1,1,1,0.5,192,14288,14151
0.3,10,hybrid,15,2,5,800,250,3,3,60,900,5,3,15,512,5,5,22346,17932,17103,17103,76.5372,95.377,80.247,5.41459,4414,360,2575,901,12547,1479,17862,17103,0,1,178,500,1,1,1,0.5,190,17103,16962
0.5,10,hybrid,15,2,5,800,250,3,3,60,900,5,3,15,512,5,1,22349,20170,19078,19078,85.364,94.586,90.2501,6.01867,2179,360,2473,496,5874,665,9868,19078,0,1,461,500,1,1,1,0.5,496,19078,18908
0.5,10,hybrid,15,2,5,800,250,3,3,60,900,5,3,15,512,5,2,22347,19037,18224,18224,81.5501,95.7294,85.1882,55.5819,3310,360,2483,690,10060,1294,14887,18224,0,1,327,500,1,1,1,0.5,350,18224,18076
0.5,10,hybrid,15,2,5,800,250,3,3,60,900,5,3,15,512,5,3,22346,18267,17239,17239,77.1458,94.3724,81.7462,6.43469,4079,360,2479,859,11073,1373,16144,17239,0,1,370,500,1,1,1,0.5,387,17239,17008
0.5,10,hybrid,15,2,5,800,250,3,3,60,900,5,3,15,512,5,4,22344,14761,13517,13517,60.495,91.5724,66.0625,6.56089,7583,360,2468,1556,21151,2556,28091,13517,0,1,330,500,1,1,1,0.5,367,13517,13379
0.5,10,hybrid,15,2,5,800,250,3,3,60,900,5,3,15,512,5,5,22346,19446,18487,18487,82.7307,95.0684,87.0223,5.75499,2900,360,2591,605,8193,961,12710,18487,0,1,385,500,1,1,1,0.5,394,18487,18434
0.7,10,hybrid,15,2,5,800,250,3,3,60,900,5,3,15,512,5,1,22349,18002,16476,16476,73.7214,91.5232,80.5495,5.82545,4347,360,2481,919,12135,1522,17417,16476,0,1,660,500,1,1,1,0.5,687,16476,16314
0.7,10,hybrid,15,2,5,800,250,3,3,60,900,5,3,15,512,5,2,22347,14651,13375,13375,59.8514,91.2907,65.5614,58.8142,7696,360,2518,1563,22846,2993,30280,13375,0,1,489,500,1,1,1,0.5,503,13375,13240
0.7,10,hybrid,15,2,5,800,250,3,3,60,900,5,3,15,512,5,3,22346,17497,16302,16302,72.9527,93.1703,78.3004,6.03156,4849,360,2458,1011,12927,1665,18421,16302,0,1,491,500,1,1,1,0.5,504,16302,16135
0.7,10,hybrid,15,2,5,800,250,3,3,60,900,5,3,15,512,5,4,22344,18421,17353,17353,77.6629,94.2023,82.4427,6.67326,3923,360,2560,837,10617,1160,15534,17353,0,1,503,500,1,1,1,0.5,505,17353,17049
0.7,10,hybrid,15,2,5,800,250,3,3,60,900,5,3,15,512,5,5,22346,20124,19131,19131,85.6126,95.0656,90.0564,5.33778,2222,360,2583,468,6059,748,10218,19131,0,1,600,500,1,1,1,0.5,610,19131,18968
