proto,model,nodes,seed,rate_kb,vmin,vmax,pause,geo_breaks,geo_rate,mean_degree,cbk_n,cbk_true,cbk_false,false_share
AODV,GM,75,1,112,1,3,100,5806,5.924490,59.23,51,14,37,0.7255
AODV,GM,75,1,128,1,3,100,5806,5.924490,59.23,60,15,45,0.7500
AODV,GM,75,1,64,1,3,100,5806,5.924490,59.23,18,18,0,0.0000
AODV,GM,75,1,80,1,3,100,5806,5.924490,59.23,20,17,3,0.1500
AODV,GM,75,1,96,1,3,100,5806,5.924490,59.23,32,19,13,0.4062
AODV,GM,75,2,112,1,3,100,5705,5.821429,59.55,18,12,6,0.3333
AODV,GM,75,2,128,1,3,100,5705,5.821429,59.55,43,10,33,0.7674
AODV,GM,75,2,64,1,3,100,5705,5.821429,59.55,8,8,0,0.0000
AODV,GM,75,2,80,1,3,100,5705,5.821429,59.55,8,8,0,0.0000
AODV,GM,75,2,96,1,3,100,5705,5.821429,59.55,13,13,0,0.0000
AODV,GM,75,3,112,1,3,100,5758,5.875510,59.75,98,36,62,0.6327
AODV,GM,75,3,128,1,3,100,5758,5.875510,59.75,92,20,72,0.7826
AODV,GM,75,3,64,1,3,100,5758,5.875510,59.75,24,22,2,0.0833
AODV,GM,75,3,80,1,3,100,5758,5.875510,59.75,38,23,15,0.3947
AODV,GM,75,3,96,1,3,100,5758,5.875510,59.75,77,30,47,0.6104
AODV,RD,75,1,112,1,3,100,5442,5.553061,33.00,302,73,229,0.7583
AODV,RD,75,1,128,1,3,100,5442,5.553061,33.00,266,56,210,0.7895
AODV,RD,75,1,64,1,3,100,5442,5.553061,33.00,302,63,239,0.7914
AODV,RD,75,1,80,1,3,100,5442,5.553061,33.00,243,66,177,0.7284
AODV,RD,75,1,96,1,3,100,5442,5.553061,33.00,259,56,203,0.7838
AODV,RD,75,2,112,1,3,100,5459,5.570408,33.77,733,57,676,0.9222
AODV,RD,75,2,128,1,3,100,5459,5.570408,33.77,487,62,425,0.8727
AODV,RD,75,2,64,1,3,100,5459,5.570408,33.77,266,66,200,0.7519
AODV,RD,75,2,80,1,3,100,5459,5.570408,33.77,599,61,538,0.8982
AODV,RD,75,2,96,1,3,100,5459,5.570408,33.77,625,67,558,0.8928
AODV,RD,75,3,112,1,3,100,5624,5.738776,33.45,337,60,277,0.8220
AODV,RD,75,3,128,1,3,100,5624,5.738776,33.45,464,79,385,0.8297
AODV,RD,75,3,64,1,3,100,5624,5.738776,33.45,254,65,189,0.7441
AODV,RD,75,3,80,1,3,100,5624,5.738776,33.45,394,70,324,0.8223
AODV,RD,75,3,96,1,3,100,5624,5.738776,33.45,404,74,330,0.8168
AODV,RWP,75,1,112,1,3,100,4667,4.762245,46.15,59,23,36,0.6102
AODV,RWP,75,1,128,1,3,100,4667,4.762245,46.15,91,21,70,0.7692
AODV,RWP,75,1,64,1,3,100,4667,4.762245,46.15,20,20,0,0.0000
AODV,RWP,75,1,80,1,3,100,4667,4.762245,46.15,40,23,17,0.4250
AODV,RWP,75,1,96,1,3,100,4667,4.762245,46.15,57,22,35,0.6140
AODV,RWP,75,2,112,1,3,100,4806,4.904082,44.81,105,49,56,0.5333
AODV,RWP,75,2,128,1,3,100,4806,4.904082,44.81,92,34,58,0.6304
AODV,RWP,75,2,64,1,3,100,4806,4.904082,44.81,38,35,3,0.0789
AODV,RWP,75,2,80,1,3,100,4806,4.904082,44.81,49,36,13,0.2653
AODV,RWP,75,2,96,1,3,100,4806,4.904082,44.81,67,39,28,0.4179
AODV,RWP,75,3,112,1,3,100,4787,4.884694,45.84,102,33,69,0.6765
AODV,RWP,75,3,128,1,3,100,4787,4.884694,45.84,97,33,64,0.6598
AODV,RWP,75,3,64,1,3,100,4787,4.884694,45.84,49,37,12,0.2449
AODV,RWP,75,3,80,1,3,100,4787,4.884694,45.84,53,32,21,0.3962
AODV,RWP,75,3,96,1,3,100,4787,4.884694,45.84,68,31,37,0.5441
