proto,model,nodes,seed,rate_kb,vmin,vmax,pause,sent,recv,pdr,delay,thr_kbps,ctrl,ctrl_bytes,nrl,ctrl_per_node_s,rreq,rrep,rerr,link_fail,lbr,pst,pst_n,pst_censored_n,pst_incl_censored
AODV,RWP,25,1,64,1,10,100,76487,76359,99.8327,0.012891,319.1495,1527,72044,0.019998,0.062327,1385,85,57,50,0.051020,771.6052,1,5,815.6149
AODV,RWP,25,1,64,1,3,100,76487,76171,99.5869,0.018830,318.3637,2174,102816,0.028541,0.088735,2000,98,76,61,0.062245,351.6959,5,5,488.3965
AODV,RWP,25,1,64,1,6,100,76487,75661,98.9201,0.113307,316.2321,2466,116468,0.032593,0.100653,2251,127,88,62,0.063265,69.9204,16,5,231.3083
AODV,RWP,50,1,64,1,3,100,76487,76042,99.4182,0.037936,317.8245,3355,160112,0.044120,0.068469,3243,72,40,36,0.036735,402.3577,8,5,373.6917
AODV,RWP,50,1,64,1,10,100,76487,76223,99.6548,0.016449,318.5810,4622,220364,0.060638,0.094327,4437,121,64,60,0.061224,382.5732,5,5,487.6844
AODV,RWP,50,1,64,1,6,100,76487,75896,99.2273,0.100459,317.2143,3505,167080,0.046182,0.071531,3374,78,53,47,0.047959,190.6096,19,5,202.3628
AODV,RWP,75,1,64,1,3,100,76487,76433,99.9294,0.011824,319.4587,2420,115676,0.031662,0.032925,2365,33,22,20,0.020408,4.5638,1,5,815.5581
AODV,RWP,75,1,64,1,6,100,76487,75124,98.2180,0.152264,313.9877,7923,378632,0.105466,0.107796,7736,110,77,59,0.060204,84.0399,32,5,129.6553
AODV,RWP,75,1,64,1,10,100,76487,74401,97.2727,0.156878,310.9658,11434,545740,0.153681,0.155565,11072,225,137,75,0.076531,54.9110,43,5,98.4411
AODV,RWP,100,1,64,1,3,100,76487,72892,95.2999,0.226086,304.6588,10322,493756,0.141607,0.105327,10125,121,76,34,0.034694,53.8896,38,5,107.9978
AODV,RWP,100,1,64,1,6,100,76487,72652,94.9861,0.122627,303.6557,14626,699604,0.201316,0.149245,14343,173,110,59,0.060204,95.6743,30,5,132.0200
AODV,RWP,100,1,64,1,10,100,76487,73008,95.4515,0.219865,305.1436,16058,768856,0.219948,0.163857,15772,220,66,63,0.064286,47.3118,64,5,66.8455
AODV,RWP,125,1,64,1,3,100,76487,74963,98.0075,0.042035,313.3147,11494,550840,0.153329,0.093829,11363,102,29,25,0.025510,181.3442,15,5,237.6240
AODV,RWP,125,1,64,1,6,100,76487,69865,91.3423,0.073016,292.0072,22650,1085520,0.324197,0.184898,22404,188,58,55,0.056122,118.9570,29,5,129.7410
AODV,RWP,125,1,64,1,10,100,76487,67572,88.3444,0.129769,282.4234,30464,1458708,0.450838,0.248686,30039,269,156,78,0.079592,91.4717,45,5,84.7162
AODV,RD,25,1,64,1,3,100,76487,70386,92.0235,0.359276,294.1848,16750,789040,0.237973,0.683673,14910,1094,746,451,0.460204,48.8519,92,5,48.3730
AODV,RD,25,1,64,1,6,100,76487,67757,88.5863,0.403568,283.1966,12952,609884,0.191154,0.528653,11593,729,630,455,0.464286,27.9677,139,5,31.3032
AODV,RD,25,1,64,1,10,100,76487,71994,94.1258,0.149819,300.9055,9648,454520,0.134011,0.393796,8673,546,429,322,0.328571,35.9957,95,5,46.7289
AODV,RD,50,1,64,1,3,100,76487,73274,95.7993,0.153107,306.2554,14761,701288,0.201449,0.301245,13890,538,333,236,0.240816,49.6637,51,5,84.6727
AODV,RD,50,1,64,1,6,100,76487,69614,91.0142,0.438172,290.9581,26290,1249532,0.377654,0.536531,24874,827,589,412,0.420408,30.7802,136,5,32.4439
AODV,RWP,150,1,64,1,3,100,76487,68228,89.2021,0.181525,285.1652,37012,1773672,0.542475,0.251782,36597,310,105,83,0.084694,69.2347,60,5,66.0128
AODV,RWP,150,1,64,1,6,100,76487,73150,95.6372,0.088520,305.7371,19217,921128,0.262707,0.130728,19027,146,44,41,0.041837,132.2427,24,5,159.4943
AODV,RD,50,1,64,1,10,100,76487,70697,92.4301,0.214623,295.4846,31200,1481704,0.441320,0.636735,29372,1044,784,560,0.571429,37.3257,122,5,36.5968
AODV,RD,75,1,64,1,3,100,76487,70524,92.2039,0.300126,294.7615,27440,1306856,0.389087,0.373333,26304,644,492,302,0.308163,28.2013,118,5,37.2956
AODV,RD,75,1,64,1,10,100,76487,66623,87.1037,0.382743,278.4569,42142,2004412,0.632544,0.573361,40153,1099,890,478,0.487755,17.7253,195,5,21.5837
AODV,RD,75,1,64,1,6,100,76487,65010,84.9948,0.447392,271.7153,78498,3740804,1.207476,1.068000,75360,1851,1287,869,0.886735,18.0063,227,5,18.6992
AODV,RWP,150,1,64,1,10,100,76487,72011,94.1480,0.083964,300.9766,16091,771344,0.223452,0.109463,15937,120,34,33,0.033673,111.5188,20,5,182.3857
AODV,RD,100,1,64,1,3,100,76487,67224,87.8894,0.463861,280.9689,47058,2249004,0.700018,0.480184,45916,689,453,301,0.307143,22.5655,141,5,29.6979
AODV,RD,100,1,64,1,6,100,76487,68775,89.9172,0.521947,287.4514,27810,1329956,0.404362,0.283776,27228,361,221,170,0.173469,31.4523,136,5,31.1617
AODV,RD,100,1,64,1,10,100,76487,65563,85.7178,0.385450,274.0266,63847,3047420,0.973827,0.651500,61764,1317,766,480,0.489796,19.1302,208,5,20.0648
AODV,RD,125,1,64,1,3,100,76487,66931,87.5064,0.813064,279.7443,52916,2525856,0.790605,0.431967,51229,1070,617,334,0.340816,22.8089,189,5,22.7680
AODV,RD,125,1,64,1,6,100,76487,65493,85.6263,0.325502,273.7340,90272,4318140,1.378346,0.736914,88512,1081,679,481,0.490816,22.4365,178,5,22.9016
AODV,RD,125,1,64,1,10,100,76487,68592,89.6780,0.291800,286.6866,75789,3620220,1.104925,0.618686,73848,1103,838,450,0.459184,25.2322,157,5,27.2840
AODV,GM,25,1,64,1,3,100,76487,76362,99.8366,0.023767,319.1620,773,36504,0.010123,0.031551,704,42,27,23,0.023469,380.2406,2,5,698.8328
AODV,RD,150,1,64,1,3,100,76487,72033,94.1768,0.116033,301.0685,26699,1277800,0.370650,0.181626,26307,210,182,77,0.078571,101.2026,30,5,130.5501
AODV,GM,25,1,64,1,6,100,76487,76401,99.8876,0.009934,319.3250,1343,63424,0.017578,0.054816,1231,62,50,42,0.042857,0.0000,0,5,978.9301
AODV,GM,25,1,64,1,10,100,76487,76036,99.4104,0.023359,317.7994,2870,135372,0.037745,0.117143,2610,145,115,91,0.092857,439.7586,7,5,406.2114
AODV,GM,50,1,64,1,3,100,76487,74820,97.8205,0.317074,312.7171,2775,132436,0.037089,0.056633,2683,59,33,26,0.026531,78.4260,52,5,83.6165
AODV,GM,50,1,64,1,6,100,76487,75716,98.9920,0.141077,316.4620,4917,234308,0.064940,0.100347,4723,115,79,71,0.072449,99.4347,25,5,161.4300
AODV,GM,50,1,64,1,10,100,76487,76324,99.7869,0.013150,319.0032,5011,238800,0.065654,0.102265,4825,104,82,72,0.073469,175.0283,4,5,543.1552
AODV,RD,150,1,64,1,6,100,76487,66164,86.5036,0.511877,276.5385,82797,3964100,1.251390,0.563245,81580,767,450,306,0.312245,22.0423,182,5,22.2680
AODV,GM,75,1,64,1,3,100,76487,76457,99.9608,0.011249,319.5591,2411,115308,0.031534,0.032803,2360,33,18,18,0.018367,512.6414,2,5,698.3062
AODV,RD,150,1,64,1,10,100,76487,65319,85.3988,0.390614,273.0068,96495,4618316,1.477288,0.656429,94990,879,626,378,0.385714,21.2402,173,5,23.1010
AODV,GM,75,1,64,1,6,100,76487,74727,97.6990,0.114919,312.3284,6958,332724,0.093112,0.094667,6805,99,54,47,0.047959,81.5244,27,5,149.1029
AODV,GM,75,1,64,1,10,100,76487,76070,99.4548,0.022545,317.9416,6175,295256,0.081175,0.084014,6036,90,49,46,0.046939,96.9955,10,5,323.9198
AODV,GM,100,1,64,1,6,100,76487,74415,97.2910,0.070878,311.0243,13115,628220,0.176241,0.133827,12931,137,47,40,0.040816,197.3705,19,5,195.8610
AODV,GM,100,1,64,1,10,100,76487,74451,97.3381,0.042599,311.1748,18375,878980,0.246807,0.187500,18040,195,140,78,0.079592,113.1110,23,5,168.1598
AODV,GM,100,1,64,1,3,100,76487,76342,99.8104,0.035440,319.0784,3609,172696,0.047274,0.036827,3547,38,24,16,0.016327,338.7018,5,5,487.6512
AODV,GM,125,1,64,1,3,100,76487,72229,94.4330,0.035229,301.8877,12334,591300,0.170762,0.100686,12214,99,21,21,0.021429,176.9159,10,5,305.5823
AODV,GM,125,1,64,1,6,100,76487,72164,94.3481,0.029596,301.6161,12264,587876,0.169946,0.100114,12140,99,25,23,0.023469,169.6627,11,5,286.3776
AODV,GM,125,1,64,1,10,100,76487,70865,92.6497,0.077288,296.1868,27865,1335444,0.393212,0.227469,27557,237,71,67,0.068367,105.0122,31,5,123.6055
DSDV,RWP,25,1,64,1,3,100,76487,72104,94.2696,0.045497,301.3653,2660,621544,0.036891,0.108571,0,0,0,123,0.125510,120.3048,35,5,115.2339
DSDV,RWP,25,1,64,1,6,100,76487,70396,92.0366,0.055078,294.2265,2751,630660,0.039079,0.112286,0,0,0,97,0.098980,121.9803,33,5,118.4201
DSDV,RWP,25,1,64,1,10,100,76487,70779,92.5373,0.035171,295.8273,2912,650032,0.041142,0.118857,0,0,0,116,0.118367,82.2473,48,5,85.0952
DSDV,RWP,50,1,64,1,3,100,76487,74341,97.1943,0.022943,310.7150,6415,2587736,0.086292,0.130918,0,0,0,65,0.066327,196.8192,22,5,175.6967
DSDV,RWP,50,1,64,1,6,100,76487,72052,94.2016,0.041717,301.1480,6952,2678840,0.096486,0.141878,0,0,0,118,0.120408,112.7056,29,5,135.2119
DSDV,RWP,50,1,64,1,10,100,76487,69473,90.8298,0.032150,290.3688,7449,2857272,0.107222,0.152020,0,0,0,153,0.156122,80.2437,48,5,83.3734
DSDV,RWP,75,1,64,1,3,100,76487,73417,95.9862,0.025631,306.8531,11426,6067720,0.155632,0.155456,0,0,0,86,0.087755,135.2995,19,5,195.6603
AODV,GM,150,1,64,1,3,100,76487,71917,94.0251,0.149318,300.5837,15593,747592,0.216819,0.106075,15450,118,25,24,0.024490,43.3937,34,5,117.0365
DSDV,RWP,75,1,64,1,6,100,76487,66525,86.9756,0.473290,278.0473,25201,17190008,0.378820,0.342871,0,0,0,343,0.350000,32.8787,116,5,35.6514
DSDV,RWP,75,1,64,1,10,100,76487,64735,84.6353,0.706147,270.5659,34670,26524324,0.535568,0.471701,0,0,0,411,0.419388,31.8500,130,5,31.5338
AODV,GM,150,1,64,1,6,100,76487,66982,87.5731,0.091697,279.9574,28495,1366320,0.425413,0.193844,28261,192,42,39,0.039796,106.5406,23,5,150.1357
DSDV,RWP,100,1,64,1,3,100,76487,37132,48.5468,3.702472,155.1966,70143,78702144,1.889018,0.715745,0,0,0,499,0.509184,9.0795,361,5,9.0572
DSDV,RWP,100,1,64,1,6,100,76487,34700,45.3672,3.407742,145.0318,71481,79184160,2.059971,0.729398,0,0,0,769,0.784694,9.9357,298,5,9.8830
DSDV,RWP,100,1,64,1,10,100,76487,40065,52.3815,2.215640,167.4553,65537,70791532,1.635767,0.668745,0,0,0,776,0.791837,12.6984,242,5,12.6710
AODV,GM,150,1,64,1,10,100,76487,69083,90.3199,0.088976,288.7387,29773,1426404,0.430974,0.202537,29443,215,115,49,0.050000,57.4418,35,5,108.0397
DSDV,RWP,125,1,64,1,3,100,76487,25619,33.4946,1.986946,107.0770,86456,119224168,3.374683,0.705763,0,0,0,488,0.497959,5.5445,315,5,5.4636
DSDV,RWP,125,1,64,1,6,100,76487,23225,30.3646,2.125415,97.0710,89215,123077432,3.841335,0.728286,0,0,0,713,0.727551,5.4017,289,5,5.3163
DSDV,RWP,125,1,64,1,10,100,76487,23751,31.0523,1.636917,99.2695,89261,122991064,3.758200,0.728661,0,0,0,877,0.894898,5.7267,278,5,5.6340
DSDV,RD,25,1,64,1,3,100,76487,60909,79.6331,0.297438,254.5748,3302,694756,0.054212,0.134776,0,0,0,405,0.413265,36.6988,93,5,40.6426
DSDV,RD,25,1,64,1,6,100,76487,57734,75.4821,0.263053,241.3046,3499,732584,0.060606,0.142816,0,0,0,429,0.437755,26.0650,132,5,26.9534
DSDV,RD,25,1,64,1,10,100,76487,57853,75.6377,0.183398,241.8019,3556,744368,0.061466,0.145143,0,0,0,413,0.421429,27.0875,119,5,29.7935
DSDV,RD,50,1,64,1,3,100,76487,66691,87.1926,0.136928,278.7412,11826,4226052,0.177325,0.241347,0,0,0,353,0.360204,43.9335,93,5,43.5239
DSDV,RD,50,1,64,1,6,100,76487,62852,82.1734,0.336492,262.6957,17853,8124516,0.284048,0.364347,0,0,0,649,0.662245,26.2165,147,5,26.4768
DSDV,RD,50,1,64,1,10,100,76487,62987,82.3499,0.297995,263.2600,20639,9915904,0.327671,0.421204,0,0,0,530,0.540816,26.9401,143,5,26.9300
DSDV,RWP,150,1,64,1,6,100,76487,23531,30.7647,0.669544,98.3500,111089,174329716,4.720964,0.755707,0,0,0,679,0.692857,11.6680,130,5,11.2359
DSDV,RD,75,1,64,1,3,100,76487,58853,76.9451,0.987218,245.9815,52359,41965356,0.889657,0.712367,0,0,0,710,0.724490,15.9012,234,5,16.6551
DSDV,RWP,150,1,64,1,10,100,76487,17752,23.2092,1.467150,74.1961,117668,187266772,6.628436,0.800463,0,0,0,744,0.759184,7.1518,167,5,6.9439
DSDV,RD,75,1,64,1,6,100,76487,52173,68.2116,1.048181,218.0618,50193,39520356,0.962049,0.682898,0,0,0,1123,1.145918,12.9845,260,5,13.3477
DSDV,RD,75,1,64,1,10,100,76487,50262,65.7131,1.266236,210.0746,52287,41262204,1.040289,0.711388,0,0,0,1092,1.114286,11.3132,284,5,11.7713
DSDV,RD,100,1,64,1,3,100,76487,34474,45.0717,3.046218,144.0872,75166,80746592,2.180368,0.767000,0,0,0,1127,1.150000,7.4142,374,5,7.4087
DSDV,RD,100,1,64,1,6,100,76487,29387,38.4209,3.349086,122.8257,76783,82765400,2.612822,0.783500,0,0,0,1326,1.353061,6.0375,389,5,6.0732
DSDV,RD,100,1,64,1,10,100,76487,27983,36.5853,3.089315,116.9575,76465,82526192,2.732552,0.780255,0,0,0,1481,1.511224,6.0700,362,5,6.0628
DSDV,RD,125,1,64,1,3,100,76487,17038,22.2757,2.626768,71.2119,99760,133630628,5.855147,0.814367,0,0,0,1140,1.163265,3.7418,341,5,3.6878
DSDV,RD,125,1,64,1,6,100,76487,20246,26.4699,1.650004,84.6200,95132,123148948,4.698805,0.776588,0,0,0,1144,1.167347,5.0421,266,5,4.9872
DSDV,RD,125,1,64,1,10,100,76487,15174,19.8387,2.621178,63.4211,100355,133262284,6.613615,0.819224,0,0,0,1187,1.211224,3.8988,274,5,3.8339
DSDV,RD,150,1,64,1,3,100,76487,17222,22.5162,1.381888,71.9809,124475,191141764,7.227674,0.846769,0,0,0,804,0.820408,6.2802,185,5,6.1205
DSDV,GM,25,1,64,1,3,100,76487,73711,96.3706,0.024503,308.0819,2217,575088,0.030077,0.090490,0,0,0,73,0.074490,143.4799,25,5,156.6931
DSDV,GM,25,1,64,1,6,100,76487,71907,94.0121,0.022136,300.5419,2276,587320,0.031652,0.092898,0,0,0,122,0.124490,95.6264,33,5,120.7454
DSDV,RD,150,1,64,1,6,100,76487,12344,16.1387,0.607976,51.5929,134343,210084132,10.883263,0.913898,0,0,0,1045,1.066327,9.2401,88,5,8.7433
DSDV,GM,25,1,64,1,10,100,76487,68628,89.7251,0.031551,286.8370,2389,598472,0.034811,0.097510,0,0,0,149,0.152041,67.4986,60,5,67.0625
DSDV,GM,50,1,64,1,3,100,76487,73016,95.4620,0.027122,305.1771,4758,2273304,0.065164,0.097102,0,0,0,54,0.055102,145.9248,21,5,179.2007
DSDV,GM,50,1,64,1,6,100,76487,68346,89.3564,0.062174,285.6584,5005,2340836,0.073230,0.102143,0,0,0,154,0.157143,57.8876,59,5,67.6415
DSDV,GM,50,1,64,1,10,100,76487,69622,91.0246,0.025020,290.9915,5053,2385416,0.072578,0.103122,0,0,0,129,0.131633,59.9784,55,5,73.9852
DSDV,GM,75,1,64,1,3,100,76487,74972,98.0193,0.011010,313.3524,7184,5066260,0.095822,0.097741,0,0,0,34,0.034694,201.5188,12,5,281.8175
DSDV,GM,75,1,64,1,6,100,76487,69969,91.4783,0.023413,292.4419,7367,5161840,0.105289,0.100231,0,0,0,185,0.188776,64.6797,53,5,76.8153
DSDV,GM,75,1,64,1,10,100,76487,71020,92.8524,0.020403,296.8346,8324,5562664,0.117206,0.113252,0,0,0,115,0.117347,90.4096,41,5,98.4803
DSDV,GM,100,1,64,1,3,100,76487,74918,97.9487,0.013989,313.1267,9846,9056796,0.131424,0.100469,0,0,0,33,0.033673,180.8884,15,5,239.5336
DSDV,GM,100,1,64,1,6,100,76487,67085,87.7077,0.321743,280.3879,21671,21603172,0.323038,0.221133,0,0,0,217,0.221429,38.7695,102,5,40.9840
DSDV,GM,100,1,64,1,10,100,76487,57574,75.2729,0.982414,240.6358,36891,39600276,0.640758,0.376439,0,0,0,342,0.348980,21.7756,181,5,21.6231
DSDV,GM,125,1,64,1,3,100,76487,52872,69.1255,0.603697,220.9834,47718,65095392,0.902519,0.389535,0,0,0,252,0.257143,14.8219,243,5,14.5254
DSDV,GM,125,1,64,1,6,100,76487,34803,45.5018,1.334660,145.4623,71624,100572100,2.057984,0.584686,0,0,0,435,0.443878,7.6526,305,5,7.5344
DSDV,GM,125,1,64,1,10,100,76487,23360,30.5411,2.408155,97.6353,85363,121597784,3.654238,0.696841,0,0,0,545,0.556122,4.2280,385,5,4.1799
DSDV,GM,150,1,64,1,3,100,76487,24899,32.5532,0.912602,104.0677,104324,173777992,4.189887,0.709687,0,0,0,567,0.578571,12.3082,130,5,11.8524
DSDV,GM,150,1,64,1,6,100,76487,24958,32.6304,0.924667,104.3143,101171,167591368,4.053650,0.688238,0,0,0,574,0.585714,12.7271,126,5,12.2413
AODV,RWP,25,2,64,1,3,100,76487,70521,92.2000,0.596982,294.7490,2736,128816,0.038797,0.111673,2423,204,109,76,0.077551,48.4523,76,5,57.5297
AODV,RWP,25,2,64,1,6,100,76487,75791,99.0900,0.109602,316.7754,2225,104868,0.029357,0.090816,1991,149,85,66,0.067347,182.1289,23,5,173.3426
AODV,RWP,25,2,64,1,10,100,76487,72746,95.1090,0.293918,304.0486,5502,259888,0.075633,0.224571,4957,370,175,136,0.138776,48.6702,61,5,72.3224
AODV,RWP,50,2,64,1,3,100,76487,76370,99.8470,0.014309,319.1954,2213,105544,0.028977,0.045163,2133,50,30,24,0.024490,221.4115,2,5,697.8671
AODV,RWP,50,2,64,1,6,100,76487,74938,97.9748,0.176608,313.2103,6975,331768,0.093077,0.142347,6607,236,132,81,0.082653,45.6186,50,5,87.0793
DSDV,GM,150,1,64,1,10,100,76487,25880,33.8358,0.698218,108.1678,99457,162018248,3.843006,0.676578,0,0,0,583,0.594898,14.6054,113,5,13.9893
AODV,RWP,50,2,64,1,10,100,76487,74071,96.8413,0.342246,309.5865,5766,274828,0.077844,0.117673,5536,143,87,80,0.081633,56.6988,42,5,102.5581
AODV,RWP,75,2,64,1,3,100,76487,75936,99.2796,0.028804,317.3815,4726,225936,0.062237,0.064299,4618,68,40,38,0.038776,347.2673,9,5,346.7501
AODV,RWP,75,2,64,1,6,100,76487,75061,98.1356,0.204948,313.7243,6797,324904,0.090553,0.092476,6633,106,58,54,0.055102,88.6677,40,5,106.5788
AODV,RWP,75,2,64,1,10,100,76487,73329,95.8712,0.205587,306.4853,19481,929048,0.265666,0.265048,18831,358,292,153,0.156122,58.3387,73,5,59.7790
AODV,RWP,100,2,64,1,3,100,76487,75367,98.5357,0.039200,315.0033,12557,601184,0.166611,0.128133,12353,142,62,52,0.053061,123.6886,17,5,217.5059
AODV,RWP,100,2,64,1,6,100,76487,67970,88.8648,0.411890,284.0869,24592,1174824,0.361807,0.250939,23852,520,220,108,0.110204,29.5003,96,5,43.5636
AODV,RWP,100,2,64,1,10,100,76487,71966,94.0892,0.297451,300.7885,24826,1187068,0.344968,0.253327,24311,303,212,116,0.118367,45.1235,77,5,55.9794
AODV,RWP,125,2,64,1,3,100,76487,72986,95.4228,0.101581,305.0517,13214,632928,0.181048,0.107869,13025,140,49,35,0.035714,139.2932,15,5,232.4218
AODV,RWP,125,2,64,1,6,100,76487,66768,87.2933,0.740414,279.0630,22554,1079840,0.337797,0.184114,22200,242,112,77,0.078571,35.4016,121,5,34.2320
AODV,RWP,125,2,64,1,10,100,76487,71939,94.0539,0.097196,300.6757,22792,1092044,0.316824,0.186057,22515,205,72,66,0.067347,97.2298,37,5,107.9610
AODV,RWP,150,2,64,1,3,100,76487,68515,89.5773,0.279571,286.3647,25591,1226736,0.373509,0.174088,25342,196,53,41,0.041837,52.8557,54,5,73.3122
AODV,RD,25,2,64,1,3,100,76487,68796,89.9447,0.613881,287.5392,6543,308124,0.095107,0.267061,5881,371,291,204,0.208163,25.3948,129,5,34.3273
AODV,RD,50,2,64,1,3,100,76487,66644,87.1311,0.453411,278.5447,41532,1975052,0.623192,0.847592,39347,1303,882,684,0.697959,16.5578,175,5,24.7953
AODV,RD,75,2,64,1,3,100,76487,70239,91.8313,0.446023,293.5704,25616,1220760,0.364698,0.348517,24620,588,408,266,0.271429,40.4929,101,5,43.5085
AODV,RD,100,2,64,1,3,100,76487,71049,92.8903,0.304322,296.9558,26044,1241192,0.366564,0.265755,25187,394,463,185,0.188776,43.4422,88,5,48.9449
AODV,RD,125,2,64,1,3,100,76487,67199,87.8568,0.846035,280.8644,40152,1919664,0.597509,0.327771,39357,422,373,175,0.178571,29.0280,145,5,28.8420
AODV,RD,150,2,64,1,3,100,76487,63626,83.1854,0.780418,265.9307,59353,2841000,0.932842,0.403762,58421,576,356,185,0.188776,22.1924,155,5,25.3275
AODV,GM,25,2,64,1,3,100,76487,76461,99.9660,0.009173,319.5758,542,25644,0.007089,0.022122,500,25,17,14,0.014286,0.0000,0,5,978.9473
AODV,GM,50,2,64,1,3,100,76487,76435,99.9320,0.016348,319.4671,1982,94456,0.025931,0.040449,1908,42,32,22,0.022449,309.3130,4,5,543.0660
AODV,GM,75,2,64,1,3,100,76487,76473,99.9817,0.009101,319.6259,1501,71808,0.019628,0.020422,1471,20,10,8,0.008163,0.0000,0,5,978.5301
AODV,GM,100,2,64,1,3,100,76487,76452,99.9542,0.009373,319.5382,1589,76096,0.020784,0.016214,1566,16,7,7,0.007143,0.0000,0,5,977.8158
AODV,GM,125,2,64,1,3,100,76487,75196,98.3121,0.018870,314.2886,7626,365500,0.101415,0.062253,7546,61,19,19,0.019388,272.7808,6,5,435.9157
AODV,GM,150,2,64,1,3,100,76487,73631,96.2660,0.046504,307.7475,16201,776708,0.220030,0.110211,16059,111,31,28,0.028571,171.8064,17,5,211.8888
DSDV,RWP,25,2,64,1,3,100,76487,68157,89.1093,0.110834,284.8684,2680,626744,0.039321,0.109388,0,0,0,231,0.235714,50.4728,60,5,67.2570
DSDV,RWP,50,2,64,1,3,100,76487,73728,96.3929,0.018068,308.1529,6400,2590868,0.086806,0.130612,0,0,0,49,0.050000,125.7047,23,5,168.4494
DSDV,RWP,75,2,64,1,3,100,76487,70586,92.2850,0.293907,295.0207,25208,18764416,0.357125,0.342966,0,0,0,199,0.203061,55.8711,73,5,58.4960
DSDV,RWP,100,2,64,1,3,100,76487,50039,65.4216,1.383913,209.1426,53553,56607288,1.070225,0.546459,0,0,0,526,0.536735,18.5383,191,5,18.2660
DSDV,RWP,125,2,64,1,3,100,76487,24211,31.6537,1.840797,101.1921,89710,122715416,3.705341,0.732327,0,0,0,666,0.679592,6.1196,267,5,6.0071
DSDV,RWP,150,2,64,1,3,100,76487,19480,25.4684,0.931305,81.4184,116906,186766648,6.001335,0.795279,0,0,0,832,0.848980,10.0006,129,5,9.6275
DSDV,RD,25,2,64,1,3,100,76487,62276,81.4204,0.213655,260.2883,3098,688300,0.049746,0.126449,0,0,0,246,0.251020,41.8532,81,5,46.0708
DSDV,RD,50,2,64,1,3,100,76487,62960,82.3146,0.411708,263.1471,12118,4559312,0.192471,0.247306,0,0,0,556,0.567347,21.7683,130,5,30.7571
DSDV,RD,75,2,64,1,3,100,76487,58909,77.0183,1.087567,246.2156,46967,37015000,0.797281,0.639007,0,0,0,819,0.835714,17.2357,231,5,17.1994
DSDV,RD,100,2,64,1,3,100,76487,32918,43.0374,3.269429,137.5838,74572,80299712,2.265387,0.760939,0,0,0,1223,1.247959,6.7599,408,5,6.7523
DSDV,RD,125,2,64,1,3,100,76487,14658,19.1640,2.651076,61.2645,98979,132998328,6.752558,0.807992,0,0,0,1219,1.243878,3.7176,277,5,3.6697
DSDV,GM,25,2,64,1,3,100,76487,74967,98.0127,0.008513,313.3315,2217,582996,0.029573,0.090490,0,0,0,25,0.025510,209.1546,11,5,299.5438
DSDV,GM,50,2,64,1,3,100,76487,73996,96.7432,0.016074,309.2731,4487,2234392,0.060638,0.091571,0,0,0,69,0.070408,141.8024,21,5,181.8319
DSDV,GM,75,2,64,1,3,100,76487,74961,98.0049,0.007655,313.3064,6916,4984652,0.092261,0.094095,0,0,0,19,0.019388,130.2722,10,5,319.6475
DSDV,GM,100,2,64,1,3,100,76487,75078,98.1579,0.008662,313.7954,10378,9436256,0.138230,0.105898,0,0,0,29,0.029592,101.6920,10,5,320.2914
DSDV,RWP,25,3,64,1,3,100,76487,73869,96.5772,0.018231,308.7423,2466,607728,0.033383,0.100653,0,0,0,52,0.053061,155.5616,19,5,196.7049
DSDV,RWP,50,3,64,1,3,100,76487,75274,98.4141,0.012028,314.6146,5629,2441924,0.074780,0.114878,0,0,0,17,0.017347,287.4316,10,5,321.0166
DSDV,RWP,75,3,64,1,3,100,76487,70140,91.7019,0.371516,293.1566,23870,17295136,0.340319,0.324762,0,0,0,227,0.231633,41.5861,90,5,47.3471
DSDV,GM,125,2,64,1,3,100,76487,29106,38.0535,2.364951,121.6512,81840,116926728,2.811791,0.668082,0,0,0,576,0.587755,4.6056,436,5,4.5627
DSDV,RWP,100,3,64,1,3,100,76487,40967,53.5607,2.417100,171.2253,62766,70672692,1.532111,0.640469,0,0,0,702,0.716327,9.7959,328,5,9.7313
DSDV,RD,25,3,64,1,3,100,76487,61264,80.0973,0.272301,256.0585,3222,692640,0.052592,0.131510,0,0,0,329,0.335714,41.8961,89,5,42.3393
DSDV,RD,50,3,64,1,3,100,76487,67049,87.6606,0.231286,280.2375,12944,5039872,0.193053,0.264163,0,0,0,386,0.393878,37.2399,100,5,41.0127
DSDV,RWP,125,3,64,1,3,100,76487,32787,42.8661,1.032917,137.0363,77094,101688240,2.351359,0.629339,0,0,0,632,0.644898,11.6016,185,5,11.2976
DSDV,RD,75,3,64,1,3,100,76487,57605,75.3135,1.129040,240.7654,50915,41294128,0.883864,0.692721,0,0,0,736,0.751020,15.7556,210,5,18.3201
DSDV,RD,100,3,64,1,3,100,76487,31918,41.7300,3.003714,133.4042,75061,81063476,2.351682,0.765929,0,0,0,1307,1.333673,5.3739,469,5,5.4324
DSDV,GM,25,3,64,1,3,100,76487,74100,96.8792,0.017938,309.7078,2219,579448,0.029946,0.090571,0,0,0,45,0.045918,137.4380,18,5,205.9721
DSDV,GM,50,3,64,1,3,100,76487,73609,96.2373,0.013821,307.6556,4526,2245780,0.061487,0.092367,0,0,0,44,0.044898,74.7769,21,5,181.0541
DSDV,RD,125,3,64,1,3,100,76487,21907,28.6415,1.736396,91.5623,97223,127887436,4.437988,0.793657,0,0,0,1185,1.209184,5.3439,291,5,5.2608
DSDV,GM,75,3,64,1,3,100,76487,72957,95.3848,0.018787,304.9305,7057,5015336,0.096728,0.096014,0,0,0,80,0.081633,97.6120,25,5,155.4600
DSDV,GM,100,3,64,1,3,100,76487,65237,85.2916,0.399153,272.6640,22818,24001176,0.349771,0.232837,0,0,0,255,0.260204,39.4409,90,5,45.0101
DSDV,RWP,25,4,64,1,3,100,76487,71256,93.1609,0.041008,297.8210,2560,612620,0.035927,0.104490,0,0,0,119,0.121429,132.5562,30,5,129.9587
DSDV,RWP,50,4,64,1,3,100,76487,67530,88.2895,0.150925,282.2478,7069,2778020,0.104679,0.144265,0,0,0,259,0.264286,52.6247,71,5,56.5135
DSDV,GM,125,3,64,1,3,100,76487,29306,38.3150,2.437676,122.4871,81230,115772284,2.771787,0.663102,0,0,0,420,0.428571,4.8940,410,5,4.8434
DSDV,RWP,75,4,64,1,3,100,76487,73912,96.6334,0.020657,308.9220,12319,6398672,0.166671,0.167605,0,0,0,43,0.043878,97.2423,27,5,147.4856
DSDV,RWP,100,4,64,1,3,100,76487,29702,38.8327,3.379428,124.1422,67453,75544820,2.270992,0.688296,0,0,0,1206,1.230612,6.3660,402,5,6.3375
DSDV,RD,25,4,64,1,3,100,76487,65555,85.7074,0.215996,273.9931,2960,663592,0.045153,0.120816,0,0,0,265,0.270408,46.8383,78,5,50.3609
DSDV,RWP,125,4,64,1,3,100,76487,23208,30.3424,2.547682,97.0000,89487,123402696,3.855869,0.730506,0,0,0,780,0.795918,4.3984,363,5,4.3426
DSDV,RD,50,4,64,1,3,100,76487,62750,82.0401,0.443131,262.2694,16742,7404964,0.266805,0.341673,0,0,0,671,0.684694,24.1337,164,5,24.3601
DSDV,RD,75,4,64,1,3,100,76487,49668,64.9365,1.582884,207.5920,54187,44105360,1.090984,0.737238,0,0,0,1073,1.094898,13.4195,246,5,13.7718
DSDV,RD,100,4,64,1,3,100,76487,31494,41.1756,2.796463,131.6321,74285,80769808,2.358703,0.758010,0,0,0,1267,1.292857,6.8269,371,5,6.8011
DSDV,GM,25,4,64,1,3,100,76487,73269,95.7927,0.038141,306.2345,2195,581824,0.029958,0.089592,0,0,0,61,0.062245,161.1106,26,5,151.0417
DSDV,GM,50,4,64,1,3,100,76487,75742,99.0260,0.006816,316.5706,4410,2221812,0.058224,0.090000,0,0,0,16,0.016327,122.6537,9,5,346.1005
DSDV,RD,125,4,64,1,3,100,76487,22591,29.5357,0.976774,94.4212,94118,123525304,4.166172,0.768310,0,0,0,1146,1.169388,8.0076,183,5,7.7961
DSDV,GM,75,4,64,1,3,100,76487,74963,98.0075,0.008659,313.3147,6948,5013024,0.092686,0.094531,0,0,0,31,0.031633,136.2393,14,5,252.2888
DSDV,GM,100,4,64,1,3,100,76487,64862,84.8013,0.581712,271.0967,25979,28262008,0.400527,0.265092,0,0,0,210,0.214286,32.7655,130,5,32.5403
DSDV,RWP,25,5,64,1,3,100,76487,70426,92.0758,0.096436,294.3519,2613,628152,0.037103,0.106653,0,0,0,171,0.174490,89.5575,44,5,92.1160
DSDV,RWP,50,5,64,1,3,100,76487,73200,95.7025,0.009294,305.9461,7064,2775688,0.096503,0.144163,0,0,0,58,0.059184,135.2512,20,5,187.2815
DSDV,GM,125,4,64,1,3,100,76487,28008,36.6180,2.358827,117.0620,82297,118105988,2.938339,0.671812,0,0,0,609,0.621429,5.2198,370,5,5.1544
DSDV,RWP,75,5,64,1,3,100,76487,72521,94.8148,0.145400,303.1082,18385,12666764,0.253513,0.250136,0,0,0,119,0.121429,135.2742,34,5,119.4725
DSDV,RWP,100,5,64,1,3,100,76487,50092,65.4909,1.352612,209.3641,53117,57479896,1.060389,0.542010,0,0,0,426,0.434694,27.2340,128,5,26.9758
DSDV,RD,25,5,64,1,3,100,76487,66333,86.7245,0.177258,277.2449,3255,704244,0.049071,0.132857,0,0,0,278,0.283673,41.4295,78,5,51.3470
DSDV,RD,50,5,64,1,3,100,76487,66187,86.5337,0.255033,276.6346,14748,6144144,0.222823,0.300980,0,0,0,455,0.464286,41.3678,98,5,41.6807
DSDV,RWP,125,5,64,1,3,100,76487,24494,32.0237,2.890280,102.3749,89164,121976276,3.640238,0.727869,0,0,0,744,0.759184,3.7553,466,5,3.7254
DSDV,RD,75,5,64,1,3,100,76487,53867,70.4263,1.209353,225.1421,45894,36107556,0.851987,0.624408,0,0,0,1014,1.034694,12.6760,280,5,13.1007
DSDV,RD,100,5,64,1,3,100,76487,33662,44.0101,2.578289,140.6934,73566,79511772,2.185432,0.750673,0,0,0,1147,1.170408,6.8018,403,5,6.7910
DSDV,GM,25,5,64,1,3,100,76487,74360,97.2191,0.014888,310.7944,2181,575388,0.029330,0.089020,0,0,0,27,0.027551,186.2455,13,5,264.1996
DSDV,GM,50,5,64,1,3,100,76487,75487,98.6926,0.006667,315.5048,4769,2288776,0.063176,0.097327,0,0,0,21,0.021429,189.2293,9,5,345.0848
DSDV,RD,125,5,64,1,3,100,76487,17766,23.2275,2.178224,74.2546,98165,131650012,5.525442,0.801347,0,0,0,1008,1.028571,4.0415,309,5,4.0044
DSDV,GM,75,5,64,1,3,100,76487,75390,98.5658,0.007400,315.0994,7213,5091596,0.095676,0.098136,0,0,0,21,0.021429,197.6182,11,5,301.5213
DSDV,GM,100,5,64,1,3,100,76487,72534,94.8318,0.178865,303.1625,16930,16776188,0.233408,0.172755,0,0,0,67,0.068367,121.7369,30,5,135.4231
DSDV,GM,125,5,64,1,3,100,76487,28641,37.4456,1.986418,119.7077,80017,114282608,2.793792,0.653200,0,0,0,518,0.528571,5.4004,361,5,5.3266
